,,,,,,,
1,apple,5(a▮▮▮▮),字,植,【apple】発音[(米)]c[8]…c[0]ˈæpl,1,
,リンゴ,,,,音節c[8]…c[0]ap・ple,,
2,all,3(a▮▮),字,,【all】発音[(米)]c[8]…c[0]ˈɔːl,1,【他】あらゆる、最高の
,すべて,,,,音節c[8]…c[0]all,,
3,animal,6(a▮▮▮▮▮),字,,【animal】発音[(米)]c[8]…c[0]ˈænəm(ə)l,1,【他】哺乳動物
,動物,,,,音節c[8]…c[0]an・i・mal,,
4,about,5(a▮▮▮▮),字,,【about】発音[(米)]c[8]…c[0]əbάʊt,1,【他】～に関して
,およそ,,,,音節c[8]…c[0]a・bout,,
5,bad,3(b▮▮),字,,【bad】発音[(米)]c[8]…c[0]bˈæd,1,【他】粗悪な、間違った
,悪い,,,,音節c[8]…c[0]bad,,
6,bal₨l,4(▮▮▮l),字,,【ball】発音[(米)]c[8]…c[0]bˈɔːl,1,【他】球形のもの、天体
,球,,,,音節c[8]…c[0]ball,,
7,bike,4(b▮▮▮),字,,【bike】発音[(米)]c[8]…c[0]bάɪk,1,
,自転車,,,,音節c[8]…c[0]bike,,
8,birthday,8(b▮▮▮▮▮▮▮),字,,【birthday】発音[(米)]c[8]…c[0]bˈɚːθdèɪ,1,
,誕生日,,,,音節c[8]…c[0]birth・day,,
9,blue,4(b▮▮▮),字,,【blue】発音[(米)]c[8]…c[0]blúː,1,【他】紺色、ゆううつで
,青,,,,音節c[8]…c[0]blue,,
10,body,4(b▮▮▮),字,,【body】発音[(米)]c[8]…c[0]bάdi,1,【他】死骸、乗り物の本体
,身体,,,,音節c[8]…c[0]bod・y,,
11,brother,7(b▮▮▮▮▮▮),字,,【brother】発音[(米)]c[8]…c[0]brˈʌðɚ,1,【他】同胞、あなた
,兄弟,,,,音節c[8]…c[0]broth・er,,
12,camera,6(c▮▮▮▮▮),字,,【camera】発音[(米)]c[8]…c[0]kˈæm(ə)rə,1,
,カメラ,,,,音節c[8]…c[0]cam・er・a,,
13,can,3(c▮▮),字,,【can】発音[(米)]c[8]…c[0]k(ə)n／k`æn,1,【他】缶詰
,できる,,,,音節c[8]…c[0]can,,
14,clean,5(c▮▮▮▮),字,,【clean】発音[(米)]c[8]…c[0]klíːn,1,【他】洗浄する、料理を平らげる
,～を掃除する,,,,音節c[8]…c[0]clean,,
15,coffee,6(c▮▮▮▮▮),字,植,【coffee】発音[(米)]c[8]…c[0]kˈɔːfi,1,
,コーヒー,,,,音節c[8]…c[0]cof・fee,,
16,come,4(c▮▮▮),字,,【come】発音[(米)]c[8]…c[0]kˈʌm,1,【他】届く、現れる
,来る,,,,音節c[8]…c[0]come,,
17,catch,5(c▮▮▮▮),字,,【come】発音[(米)]c[8]…c[0]kˈætʃ,1,【他】握る、見つける
,～をつかまえる,,,,音節c[8]…c[0]catch,,
18,city,4(c▮▮▮),字,,【city】発音[(米)]c[8]…c[0]síṭi,1,【他】市、全市民
,都市,,,,音節c[8]…c[0]cit・y,,
19,clothes,7(c▮▮▮▮▮▮),字,,【clothes】発音[(米)]c[8]…c[0]klóʊ(ð)z,1,【他】衣類、寝具
,服,,,,音節c[8]…c[0]clothes,,
20,dance,5(d▮▮▮▮),字,,【dance】発音[(米)]c[8]…c[0]dˈæns,1,【他】はね回る
,踊る,,,,音節c[8]…c[0]dance,,
21,day,3(d▮▮),字,,【day】発音[(米)]c[8]…c[0]déɪ,1,【他】日中、昼
,日,,,,音節c[8]…c[0]day,,
22,deep,4(d▮▮▮),字,,【deep】発音[(米)]c[8]…c[0]díːp,1,【他】奥行きのある
,深い,,,,音節c[8]…c[0]deep,,
23,dinner,6(d▮▮▮▮▮),字,,【dinner】発音[(米)]c[8]…c[0]dínɚ,1,【他】晩餐会
,夕食,,,,音節c[8]…c[0]din・ner,,
24,eat,3(e▮▮),字,,【eat】発音[(米)]c[8]…c[0]íːt,1,【他】飲む、腐食する
,～を食べる,,,,音節c[8]…c[0]eat,,
25,English,7(E▮▮▮▮▮▮),字,,【English】発音[(米)]c[8]…c[0]íŋglɪʃ,1,【他】英語の、イギリスの
,英語,,,,音節c[8]…c[0]En・glish,,
26,easy,4(e▮▮▮),字,,【easy】発音[(米)]c[8]…c[0]íːzi,1,【他】安易な、楽な
,かんたんな,,,,音節c[8]…c[0]eas・y,,
27,enjoy,5(e▮▮▮▮),字,,【enjoy】発音[(米)]c[8]…c[0]ɪndʒˈɔɪ,1,【他】喜ぶ
,～を楽しむ,,,,音節c[8]…c[0]en・joy,,
28,face,4(f▮▮▮),字,,【face】発音[(米)]c[8]…c[0]féɪs,1,【他】(物の)表面
,顔,,,,音節c[8]…c[0]face,,
29,famous,6(f▮▮▮▮▮),字,,【famous】発音[(米)]c[8]…c[0]féɪməs,1,【他】すばらしい
,有名な,,,,音節c[8]…c[0]fa・mous,,
30,fast,4(f▮▮▮),字,,【fast】発音[(米)]c[8]…c[0]fˈæst,1,【他】しっかりした
,速く,,,,音節c[8]…c[0]fast,,
31,favorite,8(f▮▮▮▮▮▮▮),字,,【favorite】発音[(米)]c[8]…c[0]féɪv(ə)rət,1,【他】得意な
,お気に入り,,,,音節c[8]…c[0]fa・vor・ite,,
32,finger,6(f▮▮▮▮▮),字,,【finger】発音[(米)]c[8]…c[0]fíŋgɚ,1,【他】指状のもの
,指,,,,音節c[8]…c[0]fin・ger,,
33,finish,6(f▮▮▮▮▮),字,,【finish】発音[(米)]c[8]…c[0]fínɪʃ,1,【他】済ます、使い果たす
,～を終える,,,,音節c[8]…c[0]fin・ish,,
34,first,5(f▮▮▮▮),字,,【first】発音[(米)]c[8]…c[0]fˈɚːst,1,【他】一等の、一流の
,最初の,,,,音節c[8]…c[0]first,,
35,fish,4(f▮▮▮),字,生,【fish】発音[(米)]c[8]…c[0]fíʃ,1,【他】魚肉、魚座
,魚,,,,音節c[8]…c[0]fish,,
36,flower,6(f▮▮▮▮▮),字,,【flower】発音[(米)]c[8]…c[0]flάʊɚ,1,【他】満開、盛年
,花,,,,音節c[8]…c[0]flow・er,,
37,food,4(f▮▮▮),字,,【food】発音[(米)]c[8]…c[0]fúːd,1,【他】食料、えじき
,食べ物,,,,音節c[8]…c[0]food,,
38,get,3(g▮▮),字,,【get】発音[(米)]c[8]…c[0]gét,1,【他】受け取る、身につける
,～を手に入れる,,,,音節c[8]…c[0]get,,
39,gift,4(g▮▮▮),字,,【gift】発音[(米)]c[8]…c[0]gíft,1,【他】寄贈品、才能
,贈り物,,,,音節c[8]…c[0]gift,,
40,glasses,7(g▮▮▮▮▮▮),字,,【glasses】発音[(米)]c[8]…c[0]ˈglæsʌz,1,【他】窓ガラス
,めがね,,,,音節c[8]…c[0]glass(es),,
41,gym,3(g▮▮),字,,【gym】発音[(米)]c[8]…c[0]dʒím,1,【他】(学科の)体育、体操
,体育館,,,,音節c[8]…c[0]gym,,
42,hand,4(h▮▮▮),字,,【hand】発音[(米)]c[8]…c[0]hˈænd,1,【他】方面
,手,,,,音節c[8]…c[0]hand,,
43,happy,5(h▮▮▮▮),字,,【happy】発音[(米)]c[8]…c[0]hˈæpi,1,【他】満足な、うれしくて
,幸せな,,,,音節c[8]…c[0]hap・py,,
44,hobby,5(h▮▮▮▮),字,,【hobby】発音[(米)]c[8]…c[0]hάbi,1,【他】道楽
,趣味,,,,音節c[8]…c[0]hob・by,,
45,hospital,8(h▮▮▮▮▮▮▮),字,,【hospital】発音[(米)]c[8]…c[0]hάspɪṭl,1,【他】養育院、収容所
,病院,,,,音節c[8]…c[0]hos・pi・tal,,
46,house,5(h▮▮▮▮),字,,【house】発音[(米)]c[8]…c[0]hάʊs,1,【他】人家、家畜小屋
,家,,,,音節c[8]…c[0]house,,
47,how,3(h▮▮),字,,【how】発音[(米)]c[8]…c[0]hάʊ,1,【他】いかが、どう
,どのようにして,,,,音節c[8]…c[0]how,,
48,hungry,6(h▮▮▮▮▮),字,,【hungry】発音[(米)]c[8]…c[0]hˈʌŋgri,1,【他】飢えた、不毛の
,空腹である,,,,音節c[8]…c[0]hun・gry,,
49,juice,5(j▮▮▮▮),字,,【juice】発音[(米)]c[8]…c[0]dʒúːs,1,【他】汁、体液
,ジュース,,,,音節c[8]…c[0]juice,,
50,kind,4(k▮▮▮),字,,【kind】発音[(米)]c[8]…c[0]kάɪnd,1,【他】優しい
,親切な,,,,音節c[8]…c[0]kind,,
51,large,5(l▮▮▮▮),字,,【large】発音[(米)]c[8]…c[0]lάɚdʒ,1,【他】多数の、大形の
,大きい,,,,音節c[8]…c[0]large,,
52,learn,5(l▮▮▮▮),字,,【learn】発音[(米)]c[8]…c[0]lˈɚːn,1,【他】記憶する、知る
,～を習得する,,,,音節c[8]…c[0]learn,,
53,light,5(l▮▮▮▮),字,,【light】発音[(米)]c[8]…c[0]lάɪt,1,【他】光線、日光
,光,,,,音節c[8]…c[0]light,,
54,map,3(m▮▮),字,,【map】発音[(米)]c[8]…c[0]mˈæp,1,【他】天体図、図解
,地図,,,,音節c[8]…c[0]map,,
55,math,4(m▮▮▮),字,,【math】発音[(米)]c[8]…c[0]mˈæθ,1,
,数学,,,,音節c[8]…c[0]math,,
56,milk,4(m▮▮▮),字,,【milk】発音[(米)]c[8]…c[0]mílk,1,【他】母乳、乳剤
,牛乳,,,,音節c[8]…c[0]milk,,
57,money,5(m▮▮▮▮),字,,【money】発音[(米)]c[8]…c[0]mˈʌni,1,【他】貨幣、財産
,お金,,,,音節c[8]…c[0]mon・ey,,
58,morning,7(m▮▮▮▮▮▮),字,,【morning】発音[(米)]c[8]…c[0]mˈɔɚnɪŋ,1,【他】午前、夜明け
,朝,,,,音節c[8]…c[0]morn・ing,,
59,movie,5(m▮▮▮▮),字,,【movie】発音[(米)]c[8]…c[0]múːvi,1,【他】映画館、映画産業
,映画,,,,音節c[8]…c[0]mov・ie,,
60,music,5(m▮▮▮▮),字,,【music】発音[(米)]c[8]…c[0]mjúːzɪk,1,【他】楽譜、譜面
,音楽,,,,音節c[8]…c[0]mu・sic,,
61,name,4(n▮▮▮),字,,【name】発音[(米)]c[8]…c[0]néɪm,1,【他】名称、名声
,名前,,,,音節c[8]…c[0]name,,
62,new,3(n▮▮),字,,【new】発音[(米)]c[8]…c[0]n(j)úː,1,【他】新型の
,新しい,,,,音節c[8]…c[0]new,,
63,next,4(n▮▮▮),字,,【next】発音[(米)]c[8]…c[0]nékst,1,【他】最も近い、～の隣で
,次の,,,,音節c[8]…c[0]next,,
64,notebook,8(n▮▮▮▮▮▮▮),字,,【notebook】発音[(米)]c[8]…c[0]nóʊtb`ʊk,1,【他】筆記帳、手帳
,ノート,,,,音節c[8]…c[0]note・book,,
65,now,3(n▮▮),字,,【now】発音[(米)]c[8]…c[0]nάʊ,1,【他】今すぐに、直ちに
,今,,,,音節c[8]…c[0]now,,
66,number,6(n▮▮▮▮▮),字,,【number】発音[(米)]c[8]…c[0]nˈʌmbɚ,1,【他】総数、人数
,番号,,,,音節c[8]…c[0]num・ber,,
67,old,3(o▮▮),字,,【old】発音[(米)]c[8]…c[0]óʊld,1,【他】老いた、年上の
,古い,,,,音節c[8]…c[0]old,,
68,open,4(o▮▮▮),字,,【open】発音[(米)]c[8]…c[0]óʊp(ə)n,1,　【他】咲いた、見通しが良い
,～を開ける,,,,音節c[8]…c[0]o・pen,,
69,park,4(p▮▮▮),字,,【park】発音[(米)]c[8]…c[0]pάɚk,1,【他】競技場、スタジアム
,公園,,,,音節c[8]…c[0]park,,
70,party,5(p▮▮▮▮),字,,【party】発音[(米)]c[8]…c[0]pάɚṭi,1,【他】一行、部隊
,パーティー,,,,音節c[8]…c[0]par・ty,,
71,pencil,6(p▮▮▮▮▮),字,,【pencil】発音[(米)]c[8]…c[0]pénsl,1,【他】口紅、まゆずみ
,鉛筆,,,,音節c[8]…c[0]pen・cil,,
72,player,6(p▮▮▮▮▮),字,,【player】発音[(米)]c[8]…c[0]pléɪɚ,1,【他】演奏者、役者
,選手,,,,音節c[8]…c[0]play・er,,
73,police,6(p▮▮▮▮▮),字,,【police】発音[(米)]c[8]…c[0]pəlíːs,1,【他】警官隊
,警察,,,,音節c[8]…c[0]po・lice,,
74,pon₨d,4(▮▮▮d),字,,【pond】発音[(米)]c[8]…c[0]pάnd,1,
,池,,,,音節c[8]…c[0]pond,,
75,question,8(q▮▮▮▮▮▮▮),字,,【question】発音[(米)]c[8]…c[0]kwéstʃən,1,【他】疑問、疑い
,質問,,,,音節c[8]…c[0]ques・tion,,
76,radio,5(r▮▮▮▮),字,,【radio】発音[(米)]c[8]…c[0]réɪdiòʊ,1,【他】無線装置
,ラジオ,,,,音節c[8]…c[0]ra・di・o-,,
77,rain,4(r▮▮▮),字,,【rain】発音[(米)]c[8]…c[0]réɪn,1,
,雨,,,,音節c[8]…c[0]rain,,
78,read,4(r▮▮▮),字,,【read】発音[(米)]c[8]…c[0]ríːd,1,【他】読解する
,～を読む,,,,音節c[8]…c[0]read,,
79,right,5(r▮▮▮▮),字,,【right】発音[(米)]c[8]…c[0]rάɪt,1,【他】適切な、右の
,正しい,,,,音節c[8]…c[0]right,,
80,room,4(r▮▮▮),字,,【room】発音[(米)]c[8]…c[0]rúːm,1,【他】借間、アパート
,部屋,,,,音節c[8]…c[0]room,,
81,salad,5(s▮▮▮▮),字,,【salad】発音[(米)]c[8]…c[0]sˈæləd,1,
,サラダ,,,,音節c[8]…c[0]sal・ad,,
82,season,6(s▮▮▮▮▮),字,,【season】発音[(米)]c[8]…c[0]síːzn,1,【他】時候、旬
,季節,,,,音節c[8]…c[0]sea・son,,
83,shop,4(s▮▮▮),字,,【shop】発音[(米)]c[8]…c[0]ʃάp,1,【他】小売店、専門店
,店,,,,音節c[8]…c[0]shop,,
84,short,5(s▮▮▮▮),字,,【short】発音[(米)]c[8]…c[0]ʃˈɔɚt,1,【他】短めの、近い
,短い,,,,音節c[8]…c[0]short,,
85,sing,4(s▮▮▮),字,,【sing】発音[(米)]c[8]…c[0]síŋ,1,【他】鳴く
,歌う,,,,音節c[8]…c[0]sing,,
86,small,5(s▮▮▮▮),字,,【small】発音[(米)]c[8]…c[0]smˈɔːl,1,【他】小型の、狭量の
,小さな,,,,音節c[8]…c[0]small,,
87,story,5(s▮▮▮▮),字,,【story】発音[(米)]c[8]…c[0]stˈɔːri,1,【他】短編小説
,物語,,,,音節c[8]…c[0]sto・ry,,
88,table,5(t▮▮▮▮),字,,【table】発音[(米)]c[8]…c[0]téɪbl,1,【他】ごちそう、表
,テーブル,,,,音節c[8]…c[0]ta・ble,,
89,this,4(t▮▮▮),字,,【this】発音[(米)]c[8]…c[0]ðís,1,【他】こういう、現在の
,この,,,,音節c[8]…c[0]this,,
90,time,4(t▮▮▮),字,,【time】発音[(米)]c[8]…c[0]tάɪm,1,【他】時刻、歳月
,時間,,,,音節c[8]…c[0]time,,
91,train,5(t▮▮▮▮),字,,【train】発音[(米)]c[8]…c[0]tréɪn,1,【他】行列、従者
,電車,,,,音節c[8]…c[0]train,,
92,try,3(t▮▮),字,,【try】発音[(米)]c[8]…c[0]trάɪ,1,【他】やってみる
,～を試す,,,,音節c[8]…c[0]try,,
93,use,3(u▮▮),字,,【use】発音[(米)]c[8]…c[0]júːz,1,【他】消費する、行使する
,～を使う,,,,音節c[8]…c[0]use,,
94,video,5(v▮▮▮▮),字,,【video】発音[(米)]c[8]…c[0]vídiòʊ,1,
,ビデオ,,,,音節c[8]…c[0]vid・e・o,,
95,wait,4(w▮▮▮),字,,【wait】発音[(米)]c[8]…c[0]wéɪt,1,
,～を待つ,,,,音節c[8]…c[0],,
96,watch,5(w▮▮▮▮),字,,【watch】発音[(米)]c[8]…c[0]wάtʃ,1,【他】注視する、看護する
,～を見る,,,,音節c[8]…c[0]watch,,
97,welcome,7(w▮▮▮▮▮▮),字,,【welcome】発音[(米)]c[8]…c[0]wélkəm,1,【他】いらっしゃい
,ようこそ,,,,音節c[8]…c[0]wel・come,,
98,year,4(y▮▮▮),字,,【year】発音[(米)]c[8]…c[0]jíɚ,1,【他】年度、学年
,年,,,,音節c[8]…c[0]year,,
99,you,3(y▮▮),字,,【you】発音[(米)]c[8]…c[0]jʊ／juː,1,【他】あなたたちは
,あなたは,,,,音節c[8]…c[0]you,,
100,zoo,3(z▮▮),字,,【zoo】発音[(米)]c[8]…c[0]zúː,1,
,動物園,,,,音節c[8]…c[0]zoo,,
101,adult,5(a▮▮▮▮),字,,【adult】発音[(米)]c[8]…c[0]ədˈʌlt,2,【他】成虫
,大人,,,,音節c[8]…c[0]a・dult,,
102,always,6(a▮▮▮▮▮),字,,【always】発音[(米)]c[8]…c[0]ˈɔːlweɪz,2,【他】しょっちゅう
,いつも,,,,音節c[8]…c[0]al・ways,,
103,another,7(a▮▮▮▮▮▮),字,,【another】発音[(米)]c[8]…c[0]ənˈʌðɚ,2,【他】別の、ほかの
,もう一つの,,,,音節c[8]…c[0]an・oth・er,,
104,answer,6(a▮▮▮▮▮),字,,【answer】発音[(米)]c[8]…c[0]ˈænsɚ,2,【他】報いる、聞き入れる
,～に答える,,,,音節c[8]…c[0]an・swer,,
105,arrive,6(a▮▮▮▮▮),字,,【arrive】発音[(米)]c[8]…c[0]ərάɪv,2,【他】届く、成功する
,～に到着する,,,,音節c[8]…c[0]ar・rive,,
106,before,6(b▮▮▮▮▮),字,,【before】発音[(米)]c[8]…c[0]bɪfˈɔɚ,2,【他】かつて、前方に
,～の前に,,,,音節c[8]…c[0]be・fore,,
107,behind,6(b▮▮▮▮▮),字,,【behind】発音[(米)]c[8]…c[0]bəhάɪnd,2,【他】残って、隠れて
,～の後ろに,,,,音節c[8]…c[0]be・hind,,
108,better,6(b▮▮▮▮▮),字,,【better】発音[(米)]c[8]…c[0]béṭɚ,2,【他】回復して
,より良い,,,,音節c[8]…c[0]bet・ter,,
109,both,4(b▮▮▮),字,,【both】発音[(米)]c[8]…c[0]bóʊθ,2,【他】両者の
,両方とも,,,,音節c[8]…c[0]both,,
110,break,5(b▮▮▮▮),字,,【break】発音[(米)]c[8]…c[0]bréɪk,2,【他】切断する、骨を折る
,～を壊す,,,,音節c[8]…c[0]break,,
111,cheap,5(c▮▮▮▮),字,,【cheap】発音[(米)]c[8]…c[0]tʃíːp,2,【他】安っぽい
,(値段が)安い,,,,音節c[8]…c[0]cheap,,
112,college,7(c▮▮▮▮▮▮),字,,【college】発音[(米)]c[8]…c[0]kάlɪdʒ,2,【他】学寮
,大学,,,,音節c[8]…c[0]col・lege,,
113,computer,8(c▮▮▮▮▮▮▮),字,,【computer】発音[(米)]c[8]…c[0]kəmpjúːṭɚ,2,【他】電算機
,コンピューター,,,,音節c[8]…c[0]com・put・er,,
114,corner,6(c▮▮▮▮▮),字,,【corner】発音[(米)]c[8]…c[0]kˈɔɚnɚ,2,【他】すみっこ
,曲がり角,,,,音節c[8]…c[0]cor・ner,,
115,country,7(c▮▮▮▮▮▮),字,,【country】発音[(米)]c[8]…c[0]kˈʌntri,2,【他】国家、本国
,国,,,,音節c[8]…c[0]coun・try,,
116,dark,4(d▮▮▮),字,,【dark】発音[(米)]c[8]…c[0]dάɚk,2,【他】やみの、黒っぽい
,(明るさが)暗い,,,,音節c[8]…c[0]dark,,
117,delicious,9(d▮▮▮▮▮▮▮▮),字,,【delicious】発音[(米)]c[8]…c[0]dɪlíʃəs,2,【他】かんばしい
,おいしい,,,,音節c[8]…c[0]de・li・cious,,
118,dictionary,10(d▮▮▮▮▮▮▮▮▮),字,,【dictionary】発音[(米)]c[8]…c[0]díkʃənèri,2,
,辞書,,,,音節c[8]…c[0]dic・tio・nar・y,,
119,difficult,9(d▮▮▮▮▮▮▮▮),字,,【difficult】発音[(米)]c[8]…c[0]dífɪk`ʌlt,2,【他】気難しい
,難しい,,,,音節c[8]…c[0]dif・fi・cult,,
120,draw,4(d▮▮▮),字,,【draw】発音[(米)]c[8]…c[0]drˈɔː,2,【他】引っ張る、引き寄せる
,描く,,,,音節c[8]…c[0]draw,,
121,evening,7(e▮▮▮▮▮▮),字,,【evening】発音[(米)]c[8]…c[0]íːvnɪŋ,2,【他】夕暮れ、晩
,夕方,,,,音節c[8]…c[0]eve・ning,,
122,everything,10(e▮▮▮▮▮▮▮▮▮),字,,【everything】発音[(米)]c[8]…c[0]évriθìŋ,2,【他】万事
,すべてのもの,,,,音節c[8]…c[0]ev・ery・thing,,
123,exciting,8(e▮▮▮▮▮▮▮),字,,【exciting】発音[(米)]c[8]…c[0]exciting,2,【他】わくわくする
,興奮させる,,,,音節c[8]…c[0]ex・cit・ing,,
124,exercise,8(e▮▮▮▮▮▮▮),字,,【exercise】発音[(米)]c[8]…c[0]éksɚsὰɪz,2,【他】けいこ、実習
,(身体の)運動,,,,音節c[8]…c[0]ex・er・cise,,
125,expensive,9(e▮▮▮▮▮▮▮▮),字,,【expensive】発音[(米)]c[8]…c[0]ekspénsɪv,2,
,(値段が)高い,,,,音節c[8]…c[0]ex・pen・sive,,
126,forget,6(f▮▮▮▮▮),字,,【forget】発音[(米)]c[8]…c[0]fɚgét,2,【他】置き忘れる
,～を忘れる,,,,音節c[8]…c[0]for・get,,
127,full,4(f▮▮▮),字,,【full】発音[(米)]c[8]…c[0]fˈʊl,2,【他】満員の
,満タンの,,,,音節c[8]…c[0]full,,
128,(flea )market,6(flea　▮▮▮▮▮▮),字,,【market】発音[(米)]c[8]…c[0]mάɚkɪt,2,
,フリーマーケット,,,,音節c[8]…c[0]mar・ket,,
129,future,6(f▮▮▮▮▮),字,,【future】発音[(米)]c[8]…c[0]fjúːtʃɚ,2,【他】将来性
,未来,,,,音節c[8]…c[0]fu・ture,,
130,(get )ready,5(get　▮▮▮▮▮),字,,【ready】発音[(米)]c[8]…c[0]rédi,2,【他】迅速な
,～を準備する,,,,音節c[8]…c[0]read・y,,
131,glad,4(g▮▮▮),字,,【glad】発音[(米)]c[8]…c[0]glˈæd,2,【他】喜ばしい、めでたい
,うれしい,,,,音節c[8]…c[0]glad,,
132,glove,5(g▮▮▮▮),字,,【glove】発音[(米)]c[8]…c[0]glˈʌv,2,
,手袋,,,,音節c[8]…c[0]glove,,
133,goods,5(g▮▮▮▮),字,,【goods】発音[(米)]c[8]…c[0]gˈʊdz,2,【他】物資、布地
,商品,,,,音節c[8]…c[0]goods,,
134,grade,5(g▮▮▮▮),字,,【grade】発音[(米)]c[8]…c[0]gréɪd,2,【他】学年、学級
,階級,,,,音節c[8]…c[0]grade,,
135,(have a )cold,4(have　a　▮▮▮▮),字,,【cold】発音[(米)]c[8]…c[0]kóʊld,2,
,風邪をひいている,,,,音節c[8]…c[0]cold,,
136,hit,3(h▮▮),字,,【hit】発音[(米)]c[8]…c[0]hít,2,【他】打つ、襲う
,～を打つ,,,,音節c[8]…c[0]hit,,
137,holiday,7(h▮▮▮▮▮▮),字,,【holiday】発音[(米)]c[8]…c[0]hάlədèɪ,2,【他】休業日、祝日
,休日,,,,音節c[8]…c[0]hol・i・day,,
138,hope,4(h▮▮▮),字,,【hope】発音[(米)]c[8]…c[0]hóʊp,2,【他】期待
,希望,,,,音節c[8]…c[0]hope,,
139,idea,4(i▮▮▮),字,,【idea】発音[(米)]c[8]…c[0]ɑɪdíːə,2,【他】意見、見解
,考え,,,,音節c[8]…c[0]i・de・a,,
140,information,11(i▮▮▮▮▮▮▮▮▮▮),字,,【information】発音[(米)]c[8]…c[0]ìnfɚméɪʃən,2,【他】案内係、受付
,情報,,,,音節c[8]…c[0]in・for・ma・tion,,
141,interesting,11(i▮▮▮▮▮▮▮▮▮▮),字,,【interesting】発音[(米)]c[8]…c[0]íntrəstɪŋ,2,【他】おもしろい
,興味深い,,,,音節c[8]…c[0]in・ter・est・ing,,
142,interview,9(i▮▮▮▮▮▮▮▮),字,,【interview】発音[(米)]c[8]…c[0]ínṭɚvjùː,2,【他】会見、対談
,インタビュー,,,,音節c[8]…c[0]in・ter・view,,
143,join,4(j▮▮▮),字,,【join】発音[(米)]c[8]…c[0]dʒˈɔɪn,2,【他】結合する、つなぐ
,～に加わる,,,,音節c[8]…c[0]join,,
144,just,4(j▮▮▮),字,,【just】発音[(米)]c[8]…c[0]dʒˈʌst,2,【他】まさに
,ちょうど,,,,音節c[8]…c[0]just,,
145,knife,5(k▮▮▮▮),字,,【knife】発音[(米)]c[8]…c[0]nάɪf,2,【他】包丁
,ナイフ,,,,音節c[8]…c[0]knife,,
146,language,8(l▮▮▮▮▮▮▮),字,,【language】発音[(米)]c[8]…c[0]lˈæŋgwɪdʒ,2,【他】文法、言葉づかい
,言語,,,,音節c[8]…c[0]lan・guage,,
147,loud,4(l▮▮▮),字,,【loud】発音[(米)]c[8]…c[0]lάʊd,2,【他】派手な
,騒がしい,,,,音節c[8]…c[0]loud,,
148,last( night),4(▮▮▮▮　night),字,,【last】発音[(米)]c[8]…c[0]lˈæst,2,
,昨夜,,,,音節c[8]…c[0]last,,
149,leave,5(l▮▮▮▮),字,,【leave】発音[(米)]c[8]…c[0]líːv,2,【他】出発する、捨てる
,～を去る,,,,音節c[8]…c[0]leave,,
150,liberty,7(l▮▮▮▮▮▮),字,,【liberty】発音[(米)]c[8]…c[0]líbɚṭi,2,【他】解放、釈放
,自由,,,,音節c[8]…c[0]lib・er・ty,,
151,life,4(l▮▮▮),字,,【life】発音[(米)]c[8]…c[0]lάɪf,2,【他】生命
,生活,,,,音節c[8]…c[0]life,,
152,look( for),4(▮▮▮▮　for),字,,【look】発音[(米)]c[8]…c[0]lˈʊk,2,
,～を探す,,,,音節c[8]…c[0]look,,
153,maple,5(m▮▮▮▮),字,植,【maple】発音[(米)]c[8]…c[0]méɪpl,2,
,カエデ,,,,音節c[8]…c[0]ma・ple,,
154,maybe,5(m▮▮▮▮),字,,【maybe】発音[(米)]c[8]…c[0]méɪbi,2,【他】もしかしたら
,たぶん,,,,音節c[8]…c[0]may・be,,
155,miss,4(m▮▮▮),字,,【miss】発音[(米)]c[8]…c[0]mís,2,
,～に乗り遅れる,,,,音節c[8]…c[0]miss,,
156,(more and )more,4(more　and　▮▮▮▮),字,,【more】発音[(米)]c[8]…c[0]mˈɔɚ,2,
,ますます,,,,音節c[8]…c[0]more,,
157,museum,6(m▮▮▮▮▮),字,,【museum】発音[(米)]c[8]…c[0]mjuːzíːəm,2,【他】記念館、美術館
,博物館,,,,音節c[8]…c[0]mu・se・um,,
158,neck,4(n▮▮▮),字,,【neck】発音[(米)]c[8]…c[0]nék,2,【他】襟、首回り
,首,,,,音節c[8]…c[0]neck,,
159,newspaper,9(n▮▮▮▮▮▮▮▮),字,,【newspaper】発音[(米)]c[8]…c[0]n(j)úːzpèɪpɚ,2,
,新聞,,,,音節c[8]…c[0]news・pa・per,,
160,(next )time,4(next　▮▮▮▮),字,,【time】発音[(米)]c[8]…c[0]tάɪm,2,
,次回,,,,音節c[8]…c[0]time,,
161,office,6(o▮▮▮▮▮),字,,【office】発音[(米)]c[8]…c[0]άːfɪs,2,【他】執務室、医院
,事務所,,,,音節c[8]…c[0]of・fice,,
162,(on )foot,4(on　▮▮▮▮),字,,【foot】発音[(米)]c[8]…c[0]fˈʊt,2,【他】足取り、山のふもと
,徒歩で,,,,音節c[8]…c[0]foot,,
163,once,4(o▮▮▮),字,,【once】発音[(米)]c[8]…c[0]wˈʌns,2,【他】一回、等倍
,一度,,,,音節c[8]…c[0],,
164,only,4(o▮▮▮),字,,【only】発音[(米)]c[8]…c[0]óʊnli,2,【他】無比の、唯一の
,～だけの,,,,音節c[8]…c[0]on・ly,,
165,success,7(s▮▮▮▮▮▮),字,,【success】発音[(米)]c[8]…c[0]səksés,2,【他】上出来、出世
,成功,,,,音節c[8]…c[0]suc・cess,,
166,parents,7(p▮▮▮▮▮▮),字,,【parents】発音[(米)]c[8]…c[0]ˈpɛrʌnts,2,
,両親,,,,音節c[8]…c[0]par・ent(s),,
167,par₨t,4(▮▮▮t),字,,【part】発音[(米)]c[8]…c[0]pάɚt,2,【他】要素、割合
,部分,,,,音節c[8]…c[0]part,,
168,pass,4(p▮▮▮),字,,【pass】発音[(米)]c[8]…c[0]pˈæs,2,【他】追い越す、流れる
,～を通過する,,,,音節c[8]…c[0]pass,,
169,perso₨n,6(▮▮▮▮▮n),字,,【person】発音[(米)]c[8]…c[0]pˈɚːsn,2,
,(個としての)人,,,,音節c[8]…c[0]per・son,,
170,phone,5(p▮▮▮▮),字,,【phone】発音[(米)]c[8]…c[0]fóʊn,2,
,電話,,,,音節c[8]…c[0]phone,,
171,piece,5(p▮▮▮▮),字,,【piece】発音[(米)]c[8]…c[0]píːs,2,【他】断片、機械部品
,一切れ,,,,音節c[8]…c[0]piece,,
172,place,5(p▮▮▮▮),字,,【place】発音[(米)]c[8]…c[0]pléɪs,2,【他】空間
,場所,,,,音節c[8]…c[0]place,,
173,plan,4(p▮▮▮),字,,【plan】発音[(米)]c[8]…c[0]plˈæn,2,【他】図面、やり方
,計画,,,,音節c[8]…c[0]plan,,
174,prepare,7(p▮▮▮▮▮▮),字,,【prepare】発音[(米)]c[8]…c[0]prɪpéɚ,2,【他】調理する、調合する
,～を準備する,,,,音節c[8]…c[0]pre・pare,,
175,promise,7(p▮▮▮▮▮▮),字,,【promise】発音[(米)]c[8]…c[0]prάmɪs,2,【他】保証、有望
,約束,,,,音節c[8]…c[0]prom・ise,,
176,quiet,5(q▮▮▮▮),字,,【quiet】発音[(米)]c[8]…c[0]kwάɪət,2,【他】穏やかな
,静かな,,,,音節c[8]…c[0]qui・et,,
177,receive,7(r▮▮▮▮▮▮),字,,【receive】発音[(米)]c[8]…c[0]rɪsíːv,2,【他】応じる、迎え撃つ
,～を受け取る,,,,音節c[8]…c[0]re・ceive,,
178,remember,8(r▮▮▮▮▮▮▮),字,,【remember】発音[(米)]c[8]…c[0]rɪmémbɚ,2,【他】心にとどめる
,～を思い出す,,,,音節c[8]…c[0]re・mem・ber,,
179,rent,4(r▮▮▮),字,,【rent】発音[(米)]c[8]…c[0]rént,2,【他】家賃
,～を借りる,,,,音節c[8]…c[0]rent,,
180,send,4(s▮▮▮),字,,【send】発音[(米)]c[8]…c[0]sénd,2,【他】届ける、派遣する
,～を送る,,,,音節c[8]…c[0]send,,
181,should,6(s▮▮▮▮▮),字,,【should】発音[(米)]c[8]…c[0]ʃəd;／ʃˈʊd,2,
,～すべきである,,,,音節c[8]…c[0]should,,
182,shoulder,8(s▮▮▮▮▮▮▮),字,,【shoulder】発音[(米)]c[8]…c[0]ʃóʊldɚ,2,【他】路肩
,肩,,,,音節c[8]…c[0]shoul・der,,
183,soccer,6(s▮▮▮▮▮),字,,【soccer】発音[(米)]c[8]…c[0]sάkɚ,2,
,サッカー,,,,音節c[8]…c[0]soc・cer,,
184,something,9(s▮▮▮▮▮▮▮▮),字,,【something】発音[(米)]c[8]…c[0]sˈʌmθɪŋ,2,【他】いくらか、相当の
,何か,,,,音節c[8]…c[0]some・thing,,
185,subject,7(s▮▮▮▮▮▮),字,,【subject】発音[(米)]c[8]…c[0]sˈʌbdʒɪkt,2,【他】主題、主語
,教科,,,,音節c[8]…c[0]sub・ject,,
186,(take a )bath,4(take　a　▮▮▮▮),字,,【bath】発音[(米)]c[8]…c[0]bˈæθ,2,
,"風呂に入る",,,,音節c[8]…c[0]bath,,
187,(tell a )lie,3(tell　a　▮▮▮),字,,【lie】発音[(米)]c[8]…c[0]lάɪ,2,
,うそをつく,,,,音節c[8]…c[0]lie,,
188,together,8(t▮▮▮▮▮▮▮),字,,【together】発音[(米)]c[8]…c[0]tʊgéðɚ,2,【他】共同で、連携して
,一緒に,,,,音節c[8]…c[0]to・geth・er,,
189,thing,5(t▮▮▮▮),字,,【thing】発音[(米)]c[8]…c[0]θíŋ,2,【他】無生物、芸術作品
,(形のある)物,,,,音節c[8]…c[0]thing,,
190,think,5(t▮▮▮▮),字,,【think】発音[(米)]c[8]…c[0]θíŋk,2,【他】考える
,～と思う,,,,音節c[8]…c[0]think,,
191,thousand,8(t▮▮▮▮▮▮▮),字,,【thousand】発音[(米)]c[8]…c[0]θάʊznd,2,【他】多数、無数
,１０００,,,,音節c[8]…c[0]thou・sand,,
192,tired,5(t▮▮▮▮),字,,【tired】発音[(米)]c[8]…c[0]tάɪɚd,2,【他】飽きて、古くさい
,疲れた,,,,音節c[8]…c[0]tired,,
193,understand,10(u▮▮▮▮▮▮▮▮▮),字,,【understand】発音[(米)]c[8]…c[0]`ʌndɚstˈænd,2,【他】知っている
,理解する,,,,音節c[8]…c[0]un・der・stand,,
194,(very )well,4(very　▮▮▮▮),字,,【well】発音[(米)]c[8]…c[0]wél,2,
,よろしい,,,,音節c[8]…c[0]well,,
195,visit,5(v▮▮▮▮),字,,【visit】発音[(米)]c[8]…c[0]vízɪt,2,【他】見舞う、見物に行く
,～を訪ねる,,,,音節c[8]…c[0]vis・it,,
196,warm,4(w▮▮▮),字,,【warm】発音[(米)]c[8]…c[0]wˈɔɚm,2,【他】熱くなる
,暖かい,,,,音節c[8]…c[0]warm,,
197,way,3(w▮▮),字,,【way】発音[(米)]c[8]…c[0]wéɪ,2,【他】街道、通り道
,道,,,,音節c[8]…c[0]way,,
198,worry,5(w▮▮▮▮),字,,【worry】発音[(米)]c[8]…c[0]wˈɚːri,2,【他】悩ます
,心配させる,,,,音節c[8]…c[0]wor・ry,,
199,write,5(w▮▮▮▮),字,,【write】発音[(米)]c[8]…c[0]rάɪt,2,【他】字を書く
,～に手紙を書く,,,,音節c[8]…c[0]write,,
200,yesterday,9(y▮▮▮▮▮▮▮▮),字,,【yesterday】発音[(米)]c[8]…c[0]jéstɚdèɪ,2,【他】つい最近
,昨日,,,,音節c[8]…c[0]yes・ter・day,,
201,about,5(a▮▮▮▮),字,,【about】発音[(米)]c[8]…c[0]əbάʊt,3,【他】～に対して
,～に関して,,,,音節c[8]…c[0]a・bout,,
202,actor,5(a▮▮▮▮),字,,【actor】発音[(米)]c[8]…c[0]ˈæktɚ,3,【他】関係者
,俳優,,,,音節c[8]…c[0]ac・tor,,
203,against,7(a▮▮▮▮▮▮),字,,【against】発音[(米)]c[8]…c[0]əgèɪnst,3,【他】～に対して
,～に反対して,,,,音節c[8]…c[0]a・gainst,,
204,agree( with),5(▮▮▮▮▮　with),字,,【agree】発音[(米)]c[8]…c[0]əgríː,3,【他】同意する、合致する
,～に賛成する,,,,音節c[8]…c[0]a・gree,,
205,aquarium,8(a▮▮▮▮▮▮▮),字,,【aquarium】発音[(米)]c[8]…c[0]əkwé(ə)riəm,3,
,水族館,,,,音節c[8]…c[0]a・quar・i・um,,
206,bamboo,6(b▮▮▮▮▮),字,,【bamboo】発音[(米)]c[8]…c[0]b`æmbúː,3,【他】竹材
,竹,,,,音節c[8]…c[0]bam・boo,,
207,because,7(b▮▮▮▮▮▮),字,,【because】発音[(米)]c[8]…c[0]bɪkˈɔːz,3,
,なぜなら,,,,音節c[8]…c[0]be・cause,,
208,beginner,8(b▮▮▮▮▮▮▮),字,,【beginner】発音[(米)]c[8]…c[0]bɪgínɚ,3,【他】未経験者、創始者
,初心者,,,,音節c[8]…c[0]be・gin・ner,,
209,between,7(b▮▮▮▮▮▮),字,,【between】発音[(米)]c[8]…c[0]bətwíːn,3,【他】～の中間で
,～の間に,,,,音節c[8]…c[0]be・tween,,
210,building,8(b▮▮▮▮▮▮▮),字,,【building】発音[(米)]c[8]…c[0]bíldɪŋ,3,【他】建築術、建造
,建物,,,,音節c[8]…c[0]build・ing,,
211,chase,5(c▮▮▮▮),字,,【chase】発音[(米)]c[8]…c[0]tʃéɪs,3,【他】狩る、調査する
,～を追跡する,,,,音節c[8]…c[0]chase,,
212,confident,9(c▮▮▮▮▮▮▮▮),字,,【confident】発音[(米)]c[8]…c[0]kάnfədnt,3,【他】大胆な
,自信に満ちた,,,,音節c[8]…c[0]con・fi・dent,,
213,cousin,6(c▮▮▮▮▮),字,,【cousin】発音[(米)]c[8]…c[0]kˈʌzn,3,【他】親類
,いとこ,,,,音節c[8]…c[0]cous・in,,
214,creative,8(c▮▮▮▮▮▮▮),字,,【creative】発音[(米)]c[8]…c[0]kriéɪṭɪv,3,
,創造的な,,,,音節c[8]…c[0]cre・a・tive,,
215,culture,7(c▮▮▮▮▮▮),字,,【culture】発音[(米)]c[8]…c[0]kˈʌltʃɚ,3,【他】教養、訓練
,文化,,,,音節c[8]…c[0]cul・ture,,
216,danger,6(d▮▮▮▮▮),字,,【danger】発音[(米)]c[8]…c[0]déɪndʒɚ,3,【他】脅威
,危険,,,,音節c[8]…c[0]dan・ger,,
217,decide,6(d▮▮▮▮▮),字,,【decide】発音[(米)]c[8]…c[0]dɪsάɪd,3,【他】決着する、解決する
,～を決定する,,,,音節c[8]…c[0]de・cide,,
218,direct,6(d▮▮▮▮▮),字,,【direct】発音[(米)]c[8]…c[0]dɑɪékt,3,【他】監督する、命令する
,～を指導する,,,,音節c[8]…c[0]di・rect,,
219,difference,10(d▮▮▮▮▮▮▮▮▮),字,,【difference】発音[(米)]c[8]…c[0]díf(ə)rəns,3,【他】争い、紛争
,違い,,,,音節c[8]…c[0]dif・fer・ence,,
220,double,6(d▮▮▮▮▮),字,,【double】発音[(米)]c[8]…c[0]dˈʌbl,3,【他】対の、二人用の
,２倍の,,,,音節c[8]…c[0]dou・ble,,
221,easily,6(e▮▮▮▮▮),字,,【easily】発音[(米)]c[8]…c[0]íːz(ə)li,3,【他】確かに、もちろん
,簡単に,,,,音節c[8]…c[0]eas・i・ly,,
222,engine,6(e▮▮▮▮▮),字,,【engine】発音[(米)]c[8]…c[0]éndʒɪn,3,【他】機関、機関車
,エンジン,,,,音節c[8]…c[0]en・gine,,
223,enough,6(e▮▮▮▮▮),字,,【enough】発音[(米)]c[8]…c[0]ɪnˈʌf,3,【他】必要なだけの
,十分な,,,,音節c[8]…c[0]e・nough,,
224,entrance,8(e▮▮▮▮▮▮▮),字,,【entrance】発音[(米)]c[8]…c[0]éntrəns,3,【他】玄関、入学
,入口,,,,音節c[8]…c[0]en・trance,,
225,environment,11(e▮▮▮▮▮▮▮▮▮▮),字,,【environment】発音[(米)]c[8]…c[0]ɪnvάɪ(ə)rə(n)mənt,3,【他】周囲
,環境,,,,音節c[8]…c[0]en・vi・ron・ment,,
226,field,5(f▮▮▮▮),字,,【field】発音[(米)]c[8]…c[0]fíːld,3,【他】田畑
,野原,,,,音節c[8]…c[0]field,,
227,(for )example,7(for　▮▮▮▮▮▮▮),字,,【example】発音[(米)]c[8]…c[0]ɪgzˈæmpl,3,
,たとえば,,,,音節c[8]…c[0]ex・am・ple,,
228,first( prize),5(▮▮▮▮▮　prize),字,,【first】発音[(米)]c[8]…c[0]fˈɚːst,3,
,一等賞,,,,音節c[8]…c[0]first,,
229,fact,6(f▮▮▮),字,,【fact】発音[(米)]c[8]…c[0]fˈækt,3,【他】犯行
,事実,,,,音節c[8]…c[0]fact,,
230,fresh,5(f▮▮▮▮),字,,【fresh】発音[(米)]c[8]…c[0]fréʃ,3,【他】できたての、未使用の
,新鮮な,,,,音節c[8]…c[0]fresh,,
231,(get )₨sick,4(get　s▮▮▮),字,,【sick】発音[(米)]c[8]…c[0]sík,3,【他】吐き気があって
,病気になる,,,,音節c[8]…c[0]sick,,
232,(go )ahead,5(go　▮▮▮▮▮),字,,【ahead】発音[(米)]c[8]…c[0]əhéd,3,
,さあどうぞ,,,,音節c[8]…c[0]a・head,,
233,graduate,8(g▮▮▮▮▮▮▮),字,,【graduate】発音[(米)]c[8]…c[0]grˈædʒuèɪt,3,【他】進む
,～を卒業する,,,,音節c[8]…c[0]grad・u・ate,,
234,group,5(g▮▮▮▮),字,,【group】発音[(米)]c[8]…c[0]grúːp,3,【他】群れ、集まり
,集団,,,,音節c[8]…c[0]group,,
235,grow( up),4(▮▮▮▮　up),字,,【grow】発音[(米)]c[8]…c[0]gróʊ,3,【他】生長する、発展する
,成人する,,,,音節c[8]…c[0]grow,,
236,habit,5(h▮▮▮▮),字,,【habit】発音[(米)]c[8]…c[0]hˈæbɪt,3,【他】傾向、修正
,(個人の)習慣,,,,音節c[8]…c[0]hab・it,,
237,heavy,5(h▮▮▮▮),字,,【heavy】発音[(米)]c[8]…c[0]hévi,3,【他】激しい
,重い,,,,音節c[8]…c[0]heav・y,,
238,hold,4(h▮▮▮),字,,【hold】発音[(米)]c[8]…c[0]hóʊld,3,【他】保持する、握る
,～を開催する,,,,音節c[8]…c[0]hold,,
239,height,6(h▮▮▮▮▮),字,,【height】発音[(米)]c[8]…c[0]hάɪt,3,【他】高所、標高
,高さ,,,,音節c[8]…c[0]height,,
240,important,9(i▮▮▮▮▮▮▮▮),字,,【important】発音[(米)]c[8]…c[0]ɪmpˈɔɚtnt,3,【他】影響力のある
,重要な,,,,音節c[8]…c[0]im・por・tant,,
241,(in )trouble,7(in　▮▮▮▮▮▮▮),字,,【trouble】発音[(米)]c[8]…c[0]trˈʌbl,3,【他】苦しみ、問題点
,困っている,,,,音節c[8]…c[0]trou・ble,,
242,invite,6(i▮▮▮▮▮),字,,【invite】発音[(米)]c[8]…c[0]ɪnvάɪt,3,【他】誘う
,～へ招く,,,,音節c[8]…c[0]in・vite,,
243,journey,7(j▮▮▮▮▮▮),字,,【journey】発音[(米)]c[8]…c[0]dʒˈɚːni,3,【他】旅程、遍歴
,(長めの)旅行,,,,音節c[8]…c[0]jour・ney,,
244,lake,4(l▮▮▮),字,,【lake】発音[(米)]c[8]…c[0]léɪk,3,
,湖,,,,音節c[8]…c[0]lake,,
245,legend,6(l▮▮▮▮▮),字,,【legend】発音[(米)]c[8]…c[0]lédʒənd,3,【他】言い伝え、地図の凡例
,伝説,,,,音節c[8]…c[0]leg・end,,
246,lend,4(▮▮▮d),字,,【lend】発音[(米)]c[8]…c[0]lénd,3,【他】添える、加える
,～を貸す,,,,音節c[8]…c[0]lend,,
247,(look )forward( to),7(look　▮▮▮▮▮▮▮　to),字,,【forward】発音[(米)]c[8]…c[0]fˈɔɚwɚd,3,
,～を楽しみに待つ,,,,音節c[8]…c[0]for・ward,,
248,magazine,8(m▮▮▮▮▮▮▮),字,,【magazine】発音[(米)]c[8]…c[0]mˈægəzìːn,3,【他】銃の弾倉、火薬室
,雑誌,,,,音節c[8]…c[0]mag・a・zine,,
249,manager,7(m▮▮▮▮▮▮),字,,【manager】発音[(米)]c[8]…c[0]mˈænɪdʒɚ,3,【他】経営者、幹事
,支配人,,,,音節c[8]…c[0]man・ag・er,,
250,matter,6(m▮▮▮▮▮),字,,【matter】発音[(米)]c[8]…c[0]mˈæṭɚ,3,【他】事態、質量を伴う物
,(原因となる)事柄,,,,音節c[8]…c[0]mat・ter,,
251,meaning,7(m▮▮▮▮▮▮),字,,【meaning】発音[(米)]c[8]…c[0]míːnɪŋ,3,【他】重要性
,意味,,,,音節c[8]…c[0]mean・ing,,
252,medicine,8(▮▮▮▮▮▮▮e),字,,【medicine】発音[(米)]c[8]…c[0]médəsn,3,【他】医学
,薬,,,,音節c[8]…c[0]med・i・cine,,
253,moment,6(m▮▮▮▮▮),字,,【moment】発音[(米)]c[8]…c[0]móʊmənt,3,【他】機会、場合
,瞬間,,,,音節c[8]…c[0]mo・ment,,
254,(more )than,4(more　▮▮▮▮),字,,【than】発音[(米)]c[8]…c[0]ðən／ðˈæn,3,
,～以上,,,,音節c[8]…c[0]than,,
255,nature,6(n▮▮▮▮▮),字,,【nature】発音[(米)]c[8]…c[0]néɪtʃɚ,3,【他】自然界、本質
,自然,,,,音節c[8]…c[0]na・ture,,
256,ocean,5(o▮▮▮▮),字,,【ocean】発音[(米)]c[8]…c[0]óʊʃən,3,【他】外洋
,海洋,,,,音節c[8]…c[0]o・cean,,
257,opinion,7(o▮▮▮▮▮▮),字,,【opinion】発音[(米)]c[8]…c[0]əpínjən,3,【他】世論、評価
,意見,,,,音節c[8]…c[0]o・pin・ion,,
258,outside( of),7(▮▮▮▮▮▮▮　of),字,,【outside】発音[(米)]c[8]…c[0]ὰʊtsάɪd,3,
,(～の)外で,,,,音節c[8]…c[0]out・side,,
259,oversleep,9(o▮▮▮▮▮▮▮▮),字,,【oversleep】発音[(米)]c[8]…c[0]ˈəʊvərˌsliːp,3,
,寝過ごす,,,,音節c[8]…c[0]òver・sléep,,
260,own,3(o▮▮),字,,【own】発音[(米)]c[8]…c[0]óʊn,3,【他】独特な、個人的な
,自分自身の,,,,音節c[8]…c[0]own,,
261,password,8(p▮▮▮▮▮▮▮),字,,【password】発音[(米)]c[8]…c[0]ˈpaːswɜːd,3,
,合言葉,,,,音節c[8]…c[0]páss・wòrd,,
262,performance,11(p▮▮▮▮▮▮▮▮▮▮),字,,【performance】発音[(米)]c[8]…c[0]pɚfˈɔɚməns,3,【他】興行、成績
,上演,,,,音節c[8]…c[0]per・for・mance,,
263,personality,11(p▮▮▮▮▮▮▮▮▮▮),字,,【personality】発音[(米)]c[8]…c[0]p`ɚːsənˈæləṭi,3,【他】性格、魅力
,個性,,,,音節c[8]…c[0]per・son・al・i・ty,,
264,plant,5(p▮▮▮▮),字,,【plant】発音[(米)]c[8]…c[0]plˈænt,3,【他】苗木、生産施設
,植物,,,,音節c[8]…c[0]plant,,
265,point( out),5(▮▮▮▮▮　out),字,,【point】発音[(米)]c[8]…c[0]pˈɔɪnt,3,【他】先端、点
,～を指摘する,,,,音節c[8]…c[0]point,,
266,priest,6(p▮▮▮▮▮),字,,【priest】発音[(米)]c[8]…c[0]príːst,3,【他】司祭、僧侶
,聖職者,,,,音節c[8]…c[0]priest,,
267,protect,7(p▮▮▮▮▮▮),字,,【protect】発音[(米)]c[8]…c[0]prətékt,3,【他】防ぐ
,～を保護する,,,,音節c[8]…c[0]pro・tect,,
268,reach,5(r▮▮▮▮),字,,【reach】発音[(米)]c[8]…c[0]ríːtʃ,3,【他】達する、及ぶ
,～に手が届く,,,,音節c[8]…c[0]reach,,
269,recently,8(r▮▮▮▮▮▮▮),字,,【recently】発音[(米)]c[8]…c[0]ríːsntli,3,
,最近,,,,音節c[8]…c[0]re・cent・ly,,
270,recipe,6(r▮▮▮▮▮),字,,【recipe】発音[(米)]c[8]…c[0]résəpìː,3,
,レシピ,,,,音節c[8]…c[0]rec・i・pe,,
271,rest( area),4(▮▮▮▮　area),字,,【rest】発音[(米)]c[8]…c[0]rést,3,
,休憩所,,,,音節c[8]…c[0]rest,,
272,role,4(r▮▮▮),字,,【role】発音[(米)]c[8]…c[0]róʊl,3,【他】役割、任務
,(演劇などの)役,,,,音節c[8]…c[0]role,,
273,schedule,8(s▮▮▮▮▮▮▮),字,,【schedule】発音[(米)]c[8]…c[0]skédʒuːl,3,
,スケジュール,,,,音節c[8]…c[0]sched・ule,,
274,scientist,9(s▮▮▮▮▮▮▮▮),字,,【scientist】発音[(米)]c[8]…c[0]sάɪənṭɪst,3,
,科学者,,,,音節c[8]…c[0]sci・en・tist,,
275,security,8(s▮▮▮▮▮▮▮),字,,【security】発音[(米)]c[8]…c[0]sɪkjˈʊ(ə)rəṭi,3,【他】無事、安全保障
,安全,,,,音節c[8]…c[0]se・cu・ri・ty,,
276,shade,5(s▮▮▮▮),字,,【shade】発音[(米)]c[8]…c[0]ʃéɪd,3,【他】日よけ
,日陰,,,,音節c[8]…c[0]shade,,
277,shake( hands),5(▮▮▮▮▮　hands),字,,【shake】発音[(米)]c[8]…c[0]ʃéɪk,3,
,握手する,,,,音節c[8]…c[0]shake,,
278,shout,5(s▮▮▮▮),字,,【shout】発音[(米)]c[8]…c[0]ʃάʊt,3,【他】怒鳴る
,叫ぶ,,,,音節c[8]…c[0]shout,,
279,species,7(s▮▮▮▮▮▮),字,,【species】発音[(米)]c[8]…c[0]spíːʃiːz,3,【他】種類
,種,,,,音節c[8]…c[0]spe・cies,,
280,stew,4(s▮▮▮),字,,【stew】発音[(米)]c[8]…c[0]st(j)úː,3,
,シチュー,,,,音節c[8]…c[0]stew,,
281,suddenly,8(s▮▮▮▮▮▮▮),字,,【suddenly】発音[(米)]c[8]…c[0]sˈʌdnli,3,【他】不意に
,突然,,,,音節c[8]…c[0]sud・den・ly,,
282,(take )care( of),4(take　▮▮▮▮　of),字,,【care】発音[(米)]c[8]…c[0]kéɚ,3,
,～の世話をする,,,,音節c[8]…c[0]care,,
283,temperature,11(t▮▮▮▮▮▮▮▮▮▮),字,,【temperature】発音[(米)]c[8]…c[0]témp(ə)rətʃ`ʊɚ,3,【他】気温、体温
,温度,,,,音節c[8]…c[0]tem・per・a・ture,,
284,(as )usual,5(as　▮▮▮▮▮),字,,【usual】発音[(米)]c[8]…c[0]júːʒuəl,3,
,相変わらず,,,,音節c[8]…c[0]u・su・al,,
285,through,7(t▮▮▮▮▮▮),字,,【through】発音[(米)]c[8]…c[0]θruː,3,【他】完全に
,～を通して,,,,音節c[8]…c[0]through,,
286,ticket,6(t▮▮▮▮▮),字,,【ticket】発音[(米)]c[8]…c[0]tíkɪt,3,【他】乗車券
,切符,,,,音節c[8]…c[0]tick・et,,
287,tourist,7(t▮▮▮▮▮▮),字,,【tourist】発音[(米)]c[8]…c[0]tˈʊ(ə)rɪst,3,【他】旅行家
,観光客,,,,音節c[8]…c[0]tour・ist,,
288,practice,8(p▮▮▮▮▮▮▮),字,,【practice】発音[(米)]c[8]…c[0]prˈæktɪs,3,【他】実践、熟練
,(反復)練習,,,,音節c[8]…c[0]prac・tice,,
289,prize,5(p▮▮▮▮),字,,【prize】発音[(米)]c[8]…c[0]prάɪz,3,【他】ほうび
,賞品,,,,音節c[8]…c[0]prize,,
290,(get )₨upset,5(get　u▮▮▮▮),字,,【upset】発音[(米)]c[8]…c[0]`ʌpsét,3,
,取り乱す,,,,音節c[8]…c[0]up・set,,
291,village,7(v▮▮▮▮▮▮),字,,【village】発音[(米)]c[8]…c[0]village,3,【他】村落、村民
,村,,,,音節c[8]…c[0]vil・lage,,
292,visitor,7(v▮▮▮▮▮▮),字,,【visitor】発音[(米)]c[8]…c[0]vízɪṭɚ,3,【他】滞在客、観光客
,訪問者,,,,音節c[8]…c[0]vis・i・tor,,
293,volunteer,9(v▮▮▮▮▮▮▮▮),字,,【volunteer】発音[(米)]c[8]…c[0]vὰləntíɚ,3,
,ボランティア,,,,音節c[8]…c[0]vol・un・teer,,
294,wedding,7(w▮▮▮▮▮▮),字,,【wedding】発音[(米)]c[8]…c[0]wédɪŋ,3,
,結婚式,,,,音節c[8]…c[0]wed・ding,,
295,weight,6(w▮▮▮▮▮),字,,【weight】発音[(米)]c[8]…c[0]wéɪt,3,【他】体重、おもし
,重さ,,,,音節c[8]…c[0]weight,,
296,while,5(w▮▮▮▮),字,,【while】発音[(米)]c[8]…c[0](h)wάɪl,3,【他】同時に
,～する間,,,,音節c[8]…c[0]while,,
297,wide,4(w▮▮▮),字,,【wide】発音[(米)]c[8]…c[0]wάɪd,3,【他】多方面の
,幅広い,,,,音節c[8]…c[0]wide,,
298,wild,4(w▮▮▮),字,,【wild】発音[(米)]c[8]…c[0]wάɪld,3,【他】荒れ果てた
,野生の,,,,音節c[8]…c[0]wild,,
299,without,7(w▮▮▮▮▮▮),字,,【without】発音[(米)]c[8]…c[0]wɪðὰʊt,3,
,～なしで,,,,音節c[8]…c[0]with・out,,
300,work,4(w▮▮▮),字,,【work】発音[(米)]c[8]…c[0]wˈɚːk,3,【他】仕事、任務
,作品,,,,音節c[8]…c[0]work,,
301,absence,7(a▮▮▮▮▮▮),字,,【absence】発音[(米)]c[8]…c[0]ˈæbsns,4,【他】留守
,欠席,,,,音節c[8]…c[0]ab・sence,,
302,abandon,7(a▮▮▮▮▮▮),字,,【abandon】発音[(米)]c[8]…c[0]əbˈændən,4,【他】見捨てる、身を任せる
,～を捨てる,,,,音節c[8]…c[0]a・ban・don,,
303,accept,6(a▮▮▮▮▮),字,,【accept】発音[(米)]c[8]…c[0]æksépt,4,【他】認める
,～を受け入れる,,,,音節c[8]…c[0]ac・cept,,
304,admirable,9(a▮▮▮▮▮▮▮▮),字,,【admirable】発音[(米)]c[8]…c[0]ˈædm(ə)rəbl,4,【他】立派な、見事な
,称賛に値する,,,,音節c[8]…c[0]ad・mi・ra・ble,,
305,affection,9(a▮▮▮▮▮▮▮▮),字,,【affection】発音[(米)]c[8]…c[0]əfékʃən,4,【他】疾患、疾病
,愛情,,,,音節c[8]…c[0]af・fec・tion,,
306,ancient,7(a▮▮▮▮▮▮),字,,【ancient】発音[(米)]c[8]…c[0]éɪnʃənt,4,【他】老齢の
,古代の,,,,音節c[8]…c[0]an・cient,,
307,appointment,11(a▮▮▮▮▮▮▮▮▮▮),字,,【appointment】発音[(米)]c[8]…c[0]əpˈɔɪntmənt,4,【他】指名、任命、任用
,約束,,,,音節c[8]…c[0]ap・point・ment,,
308,association,11(a▮▮▮▮▮▮▮▮▮▮),字,,【association】発音[(米)]c[8]…c[0]əsòʊsiéɪʃən,4,【他】連合、関連、社団
,協会,,,,音節c[8]…c[0]as・so・ci・a・tion,,
309,attention,9(a▮▮▮▮▮▮▮▮),字,,【attention】発音[(米)]c[8]…c[0]əténʃən,4,【他】注目、配慮
,注意,,,,音節c[8]…c[0]at・ten・tion,,
310,attitude,8(a▮▮▮▮▮▮▮),字,,【attitude】発音[(米)]c[8]…c[0]ˈæṭɪt(j)ùːd,4,【他】気持ち、考え
,態度,,,,音節c[8]…c[0]at・ti・tude,,
311,audience,8(a▮▮▮▮▮▮▮),字,,【audience】発音[(米)]c[8]…c[0]ˈɔːdiəns,4,【他】読者、謁見
,観衆,,,,音節c[8]…c[0]au・di・ence,,
312,above( all),5(▮▮▮▮▮　all),字,,【above】発音[(米)]c[8]…c[0]əbˈʌv,4,【他】とりわけ、なかんずく
,何よりも,,,,音節c[8]…c[0]a・bove,,
313,according( to),9(▮▮▮▮▮▮▮▮▮　to),字,,【according】発音[(米)]c[8]…c[0]əkˈɔɚdɪŋ,4,【他】～にしたがって
,～によれば,,,,音節c[8]…c[0]ac・cord・ing,,
314,ballroom,8(b▮▮▮▮▮▮▮),字,,【ballroom】発音[(米)]c[8]…c[0]ˈbɔˌlrum,4,
,舞踏室,,,,音節c[8]…c[0]báll・ròom,,
315,bargain,7(b▮▮▮▮▮▮),字,,【bargain】発音[(米)]c[8]…c[0]bάɚg(ə)n,4,【他】契約、約束
,特価品,,,,音節c[8]…c[0]bar・gain,,
316,(be )crowded( with),7(be　▮▮▮▮▮▮▮　with),字,,【crowded】発音[(米)]c[8]…c[0]krάʊdɪd,4,
,～で混雑している,,,,音節c[8]…c[0]crowd・ed,,
317,(be )superior( to),8(be　▮▮▮▮▮▮▮▮　to),字,,【superior】発音[(米)]c[8]…c[0]sʊpí(ə)riɚ,4,
,～より優れている,,,,音節c[8]…c[0]su・pe・ri・or,,
318,belief,6(b▮▮▮▮▮),字,,【belief】発音[(米)]c[8]…c[0]bəlíːf,4,【他】信念、信頼
,信条,,,,音節c[8]…c[0]be・lief,,
319,binoculars,10(b▮▮▮▮▮▮▮▮▮),字,,【binoculars】発音[(米)]c[8]…c[0]ˈbɪnˌɒk.jʊ.lə(ɹ)z,4,
,双眼鏡,,,,音節c[8]…c[0]bin・oc・u・lar(s),,
320,blame,5(b▮▮▮▮),字,,【blame】発音[(米)]c[8]…c[0]bléɪm,4,【他】とがめる、のろう
,～を非難する,,,,音節c[8]…c[0]blame,,
321,bond,4(b▮▮▮),字,,【bond】発音[(米)]c[8]…c[0]bάnd,4,【他】束縛、結束
,きずな,,,,音節c[8]…c[0]bond,,
322,bride,5(b▮▮▮▮),字,,【bride】発音[(米)]c[8]…c[0]brάɪd,4,【他】新婦
,花嫁,,,,音節c[8]…c[0]bride,,
323,broad,5(b▮▮▮▮),字,,【broad】発音[(米)]c[8]…c[0]brˈɔːd,4,【他】一般の、大ざっぱな
,広々とした,,,,音節c[8]…c[0]broad,,
324,calm( down),4(▮▮▮▮　down),字,,【calm】発音[(米)]c[8]…c[0]kάːm,4,
,落ち着く,,,,音節c[8]…c[0]calm,,
325,circumstance,12(c▮▮▮▮▮▮▮▮▮▮▮),字,,【circumstance】発音[(米)]c[8]…c[0]ˈsɜ:kʌˌmstæns,4,【他】事情、状況
,境遇,,,,音節c[8]…c[0]cir・cum・stance,,
326,civilization,12(c▮▮▮▮▮▮▮▮▮▮▮),字,,【civilization】発音[(米)]c[8]…c[0]sɪv.ə.laɪˈzeɪ.ʃən,4,【他】開化、教化
,文明,,,,音節c[8]…c[0]civ・i・li・za・tion,,
327,colony,6(c▮▮▮▮▮),字,,【colony】発音[(米)]c[8]…c[0]kάləni,4,【他】植民地、居留地
,集団居住地,,,,音節c[8]…c[0]col・o・ny,,
328,complain,8(c▮▮▮▮▮▮▮),字,,【complain】発音[(米)]c[8]…c[0]kəmpléɪn,4,【他】ぐちをこぼす
,苦情を言う,,,,音節c[8]…c[0]com・plain,,
329,concept,7(c▮▮▮▮▮▮),字,,【concept】発音[(米)]c[8]…c[0]kάnsept,4,【他】構想、発想
,概念,,,,音節c[8]…c[0]con・cept,,
330,convenient,10(c▮▮▮▮▮▮▮▮▮),字,,【convenient】発音[(米)]c[8]…c[0]kənvíːnjənt,4,【他】手ごろな
,便利な,,,,音節c[8]…c[0]con・ve・nient,,
331,construction,12(c▮▮▮▮▮▮▮▮▮▮▮),字,,【construction】発音[(米)]c[8]…c[0]kənstrˈʌkʃən,4,【他】建設工事、建築業
,建造,,,,音節c[8]…c[0]con・struc・tion,,
332,current,7(c▮▮▮▮▮▮),字,,【current】発音[(米)]c[8]…c[0]kˈɚːrənt,4,【他】流行りの
,現在の,,,,音節c[8]…c[0]cur・rent,,
333,custom,6(c▮▮▮▮▮),字,,【custom】発音[(米)]c[8]…c[0]kˈʌstəm,4,【他】慣例、愛顧
,(社会の)慣習,,,,音節c[8]…c[0]cus・tom,,
334,decade,6(d▮▮▮▮▮),字,,【decade】発音[(米)]c[8]…c[0]dékeɪd,4,
,１０年間,,,,音節c[8]…c[0]dec・ade,,
335,duty,4(d▮▮▮),字,,【duty】発音[(米)]c[8]…c[0]d(j)úːṭi,4,【他】本分、職務
,義務,,,,音節c[8]…c[0]du・ty,,
336,demand,6(d▮▮▮▮▮),字,,【demand】発音[(米)]c[8]…c[0]dɪmˈænd,4,【他】問いただす
,～を要求する,,,,音節c[8]…c[0]de・mand,,
337,demonstrate,11(d▮▮▮▮▮▮▮▮▮▮),字,,【demonstrate】発音[(米)]c[8]…c[0]démənstrèɪt,4,【他】説明する
,～を論証する,,,,音節c[8]…c[0]dem・on・strate,,
338,dependence,10(d▮▮▮▮▮▮▮▮▮),字,,【dependence】発音[(米)]c[8]…c[0]dɪpéndəns,4,【他】信頼
,依存,,,,音節c[8]…c[0]de・pen・dence,,
339,depth,5(d▮▮▮▮),字,,【depth】発音[(米)]c[8]…c[0]dépθ,4,【他】深さ、奥行き
,深度,,,,音節c[8]…c[0]depth,,
340,distinguish,11(d▮▮▮▮▮▮▮▮▮▮),字,,【distinguish】発音[(米)]c[8]…c[0]dɪstíŋ(g)wɪʃ,4,【他】特徴となる、目立つ
,～を区別する,,,,音節c[8]…c[0]dis・tin・guish,,
341,develop,7(d▮▮▮▮▮▮),字,,【develop】発音[(米)]c[8]…c[0]dɪvéləp,4,【他】開発する、発揮する
,～を発展させる,,,,音節c[8]…c[0]de・vel・op,,
342,disease,7(d▮▮▮▮▮▮),字,,【disease】発音[(米)]c[8]…c[0]dɪzíːz,4,【他】弊害
,病気,,,,音節c[8]…c[0]dis・ease,,
343,disappear,9(d▮▮▮▮▮▮▮▮),字,,【disappear】発音[(米)]c[8]…c[0]dìsəpíɚ,4,【他】疾走する
,姿を消す,,,,音節c[8]…c[0]dis・ap・pear,,
344,eager,5(e▮▮▮▮),字,,【eager】発音[(米)]c[8]…c[0]íːgɚ,4,【他】熱望して
,熱心な,,,,音節c[8]…c[0]ea・ger,,
345,ecosystem,9(e▮▮▮▮▮▮▮▮),字,,【ecosystem】発音[(米)]c[8]…c[0]ˈikoˌsɪstʌm,4,
,生態系,,,,音節c[8]…c[0]éco・system,,
346,(first )aid,3(first　▮▮▮),字,,【aid】発音[(米)]c[8]…c[0]éɪd,4,
,応急手当て,,,,音節c[8]…c[0]aid,,
347,equipment,9(e▮▮▮▮▮▮▮▮),字,,【equipment】発音[(米)]c[8]…c[0]ɪkwípmənt,4,【他】機器、素養
,備品,,,,音節c[8]…c[0]e・quip・ment,,
348,estimate,8(e▮▮▮▮▮▮▮),字,,【estimate】発音[(米)]c[8]…c[0]éstəmət,4,【他】推定、概算書
,～を見積もる,,,,音節c[8]…c[0]es・ti・mate,,
349,eventually,10(e▮▮▮▮▮▮▮▮▮),字,,【eventually】発音[(米)]c[8]…c[0]ɪvéntʃuəli,4,
,結局は,,,,音節c[8]…c[0]e・ven・tu・al・ly,,
350,exhibition,10(e▮▮▮▮▮▮▮▮▮),字,,【exhibition】発音[(米)]c[8]…c[0]èksəbíʃən,4,【他】博覧会、奨学金
,展覧会,,,,音節c[8]…c[0]ex・hi・bi・tion,,
351,expect,6(e▮▮▮▮▮),字,,【expect】発音[(米)]c[8]…c[0]ekspékt,4,【他】期待する
,～を予期する,,,,音節c[8]…c[0]ex・pect,,
352,expose,6(e▮▮▮▮▮),字,,【expose】発音[(米)]c[8]…c[0]ɪkspóʊz,4,【他】受けさせる、暴露する
,～をさらす,,,,音節c[8]…c[0]ex・pose,,
353,expression,10(e▮▮▮▮▮▮▮▮▮),字,,【expression】発音[(米)]c[8]…c[0]ekspréʃən,4,【他】語法、語句
,表現,,,,音節c[8]…c[0]ex・pres・sion,,
354,familiar,8(f▮▮▮▮▮▮▮),字,,【familiar】発音[(米)]c[8]…c[0]fəmíljɚ,4,【他】ありふれた、親しい
,見慣れている,,,,音節c[8]…c[0]fa・mil・iar,,
355,(feel )guilty,6(feel　▮▮▮▮▮▮),字,,【guilty】発音[(米)]c[8]…c[0]gílti,4,
,やましい,,,,音節c[8]…c[0]guilt・y,,
356,figure( out),6(▮▮▮▮▮▮　out),字,,【figure】発音[(米)]c[8]…c[0]fígjɚ,4,
,～を解明する,,,,音節c[8]…c[0]fig・ure,,
357,flexible,8(f▮▮▮▮▮▮▮),字,,【flexible】発音[(米)]c[8]…c[0]fléksəbl,4,【他】しなやかな
,柔軟性がある,,,,音節c[8]…c[0]flex・i・ble,,
358,follower,8(f▮▮▮▮▮▮▮),字,,【follower】発音[(米)]c[8]…c[0]fάloʊɚ,4,【他】家来、信者
,従者,,,,音節c[8]…c[0]fol・low・er,,
359,fortune,7(f▮▮▮▮▮▮),字,,【fortune】発音[(米)]c[8]…c[0]fˈɔɚtʃən,4,【他】出世、富
,幸運,,,,音節c[8]…c[0]for・tune,,
360,frightened,10(f▮▮▮▮▮▮▮▮▮),字,,【frightened】発音[(米)]c[8]…c[0]frάɪtnd,4,【他】ぎょっとして
,おびえた,,,,音節c[8]…c[0]fright・ened,,
361,fuel,4(f▮▮▮),字,,【fuel】発音[(米)]c[8]…c[0]fjúːəl,4,
,燃料,,,,音節c[8]…c[0]fu・el,,
362,gain,4(g▮▮▮),字,,【gain】発音[(米)]c[8]…c[0]géɪn,4,【他】稼ぐ、獲得する
,(努力して)得る,,,,音節c[8]…c[0]gain,,
363,generous,8(g▮▮▮▮▮▮▮),字,,【generous】発音[(米)]c[8]…c[0]dʒén(ə)rəs,4,【他】思いやりのある
,寛大な,,,,音節c[8]…c[0]gen・er・ous,,
364,genre,5(g▮▮▮▮),字,,【genre】発音[(米)]c[8]…c[0]ʒάːnrə,4,
,ジャンル,,,,音節c[8]…c[0]gen・re,,
365,medication,10(m▮▮▮▮▮▮▮▮▮),字,,【medication】発音[(米)]c[8]…c[0]mèdəkéɪʃən,4,【他】薬品
,薬物治療,,,,音節c[8]…c[0]med・i・ca・tion,,
366,(get )close( to),5(get　▮▮▮▮▮　to),字,,【close】発音[(米)]c[8]…c[0]klóʊz,4,
,接近する,,,,音節c[8]…c[0]close,,
367,(get )over,4(get　▮▮▮▮),字,,【over】発音[(米)]c[8]…c[0]óʊvɚ,4,
,～を克服する,,,,音節c[8]…c[0]o・ver-,,
368,(go )through,7(go　▮▮▮▮▮▮▮),字,,【through】発音[(米)]c[8]…c[0]θruː,4,
,～を耐え抜く,,,,音節c[8]…c[0]through,,
369,(get )along( with),5(get　▮▮▮▮▮　with),字,,【along】発音[(米)]c[8]…c[0]əlˈɔːŋ,4,
,仲良くする,,,,音節c[8]…c[0]a・long,,
370,(get )rid( of),3(get　▮▮▮　of),字,,【rid】発音[(米)]c[8]…c[0]ríd,4,
,取り除く,,,,音節c[8]…c[0]rid,,
371,gradually,9(g▮▮▮▮▮▮▮▮),字,,【gradually】発音[(米)]c[8]…c[0]grˈædʒuəli,4,【他】次第に
,徐々に,,,,音節c[8]…c[0]grad・u・al・ly,,
372,harm,4(h▮▮▮),字,,【harm】発音[(米)]c[8]…c[0]hάɚm,4,【他】危害、不都合
,～を害する,,,,音節c[8]…c[0]harm,,
373,harvest,7(h▮▮▮▮▮▮),字,,【harvest】発音[(米)]c[8]…c[0]hάɚvɪst,4,【他】作物
,収穫,,,,音節c[8]…c[0]har・vest,,
374,hire,4(h▮▮▮),字,,【hire】発音[(米)]c[8]…c[0]hάɪɚ,4,【他】賃借りする
,(人を)雇う,,,,音節c[8]…c[0]hire,,
375,heartbeat,9(h▮▮▮▮▮▮▮▮),字,,【heartbeat】発音[(米)]c[8]…c[0]ˈhɑˌrtbit,4,【他】動悸
,心拍,,,,音節c[8]…c[0]héart・bèat,,
376,historically,12(h▮▮▮▮▮▮▮▮▮▮▮),字,,【historically】発音[(米)]c[8]…c[0]hɪˈstɔrɪkʌli,4,【他】歴史的に
,歴史上,,,,音節c[8]…c[0]his・tor・i・cal・ly,,
377,hydrogen,8(h▮▮▮▮▮▮▮),字,,【hydrogen】発音[(米)]c[8]…c[0]hάɪdrədʒən,4,
,水素,,,,音節c[8]…c[0]hy・dro・gen,,
378,iceberg,7(i▮▮▮▮▮▮),字,,【iceberg】発音[(米)]c[8]…c[0]άɪsb`ɚːg,4,
,氷山,,,,音節c[8]…c[0]ice・berg,,
379,identify,8(i▮▮▮▮▮▮▮),字,,【identify】発音[(米)]c[8]…c[0]ɑɪdénṭəfὰɪ,4,【他】見極める
,(身元を)確認する,,,,音節c[8]…c[0]i・den・ti・fy,,
380,immediate,9(i▮▮▮▮▮▮▮▮),字,,【immediate】発音[(米)]c[8]…c[0]ɪmíːdiət,4,【他】すぐ隣の、目下の
,即座の,,,,音節c[8]…c[0]im・me・di・ate,,
381,impression,10(i▮▮▮▮▮▮▮▮▮),字,,【impression】発音[(米)]c[8]…c[0]ɪmpréʃən,4,　【他】感銘、気持ち
,印象,,,,音節c[8]…c[0]im・pres・sion,,
382,increase,8(i▮▮▮▮▮▮▮),字,,【increase】発音[(米)]c[8]…c[0]ɪnkríːs,4,【他】増殖する
,(数量が)増加する,,,,音節c[8]…c[0]in・crease,,
383,independent,11(i▮▮▮▮▮▮▮▮▮▮),字,,【independent】発音[(米)]c[8]…c[0]ìndɪpéndənt,4,【他】自主的な
,独立した,,,,音節c[8]…c[0]in・de・pen・dent,,
384,individual,10(i▮▮▮▮▮▮▮▮▮),字,,【individual】発音[(米)]c[8]…c[0]ìndəvídʒuəl,4,【他】独特の、特有の
,個々の,,,,音節c[8]…c[0]in・di・vid・u・al,,
385,ingredient,10(i▮▮▮▮▮▮▮▮▮),字,,【ingredient】発音[(米)]c[8]…c[0]ɪngríːdiənt,4,【他】構成要素、因子
,(料理の)材料,,,,音節c[8]…c[0]in・gre・di・ent,,
386,injury,6(i▮▮▮▮▮),字,,【injury】発音[(米)]c[8]…c[0]índʒ(ə)ri,4,【他】傷害、侮辱
,負傷,,,,音節c[8]…c[0]in・ju・ry,,
387,instead,7(i▮▮▮▮▮▮),字,,【instead】発音[(米)]c[8]…c[0]ɪnstéd,4,
,その代わりに,,,,音節c[8]…c[0]in・stead,,
388,involve,7(i▮▮▮▮▮▮),字,,【involve】発音[(米)]c[8]…c[0]ɪnvάlv,4,【他】巻き込む、夢中になる
,～を含む,,,,音節c[8]…c[0]in・volve,,
389,issue,5(i▮▮▮▮),字,,【issue】発音[(米)]c[8]…c[0]íʃuː,4,【他】刊行する、出版する
,(議論すべき)問題,,,,音節c[8]…c[0]is・sue,,
390,jewelry,7(j▮▮▮▮▮▮),字,,【jewelry】発音[(米)]c[8]…c[0]ˈdʒuʌlri,4,
,宝石類,,,,音節c[8]…c[0]jew・el(ry),,
391,keep( away from),4(▮▮▮▮　away　from),字,,【keep】発音[(米)]c[8]…c[0]kíːp,4,
,～に近づかない,,,,音節c[8]…c[0]keep,,
392,landmark,8(l▮▮▮▮▮▮▮),字,,【landmark】発音[(米)]c[8]…c[0]lˈæn(d)mὰɚk,4,【他】陸標
,(陸上にある)目印,,,,音節c[8]…c[0]land・mark,,
393,latest,6(l▮▮▮▮▮),字,,【latest】発音[(米)]c[8]…c[0]léɪṭɪst,4,【他】最も遅い、最後の
,最新の,,,,音節c[8]…c[0]lat・est,,
394,launch,6(l▮▮▮▮▮),字,,【launch】発音[(米)]c[8]…c[0]lˈɔːntʃ,4,【他】進水させる、発売する
,～を発射する,,,,音節c[8]…c[0]launch,,
395,leading,7(l▮▮▮▮▮▮),字,,【leading】発音[(米)]c[8]…c[0]líːdɪŋ,4,【他】先導する
,一流の,,,,音節c[8]…c[0]lead・ing,,
396,look( after),4(▮▮▮▮　after),字,,【look】発音[(米)]c[8]…c[0]lˈʊk,4,
,～の世話をする,,,,音節c[8]…c[0]look,,
397,(look )into,4(look　▮▮▮▮),字,,【into】発音[(米)]c[8]…c[0]ˈɪn.tu,4,
,～をのぞき込む,,,,音節c[8]…c[0]in・to,,
398,luggage,7(l▮▮▮▮▮▮),字,,【luggage】発音[(米)]c[8]…c[0]lˈʌgɪdʒ,4,【他】旅行かばん
,手荷物,,,,音節c[8]…c[0]lug・gage,,
399,luxury,6(l▮▮▮▮▮),字,,【luxury】発音[(米)]c[8]…c[0]lˈʌkʃ(ə)ri,4,【他】高級品、おごり
,贅沢品,,,,音節c[8]…c[0]lux・u・ry,,
400,maintain,8(m▮▮▮▮▮▮▮),字,,【maintain】発音[(米)]c[8]…c[0]meɪntéɪn,4,【他】扶養する
,～を維持する,,,,音節c[8]…c[0]main・tain,,
401,major( in),5(▮▮▮▮▮　in),字,,【major】発音[(米)]c[8]…c[0]méɪdʒɚ,4,
,～を専攻する,,,,音節c[8]…c[0]ma・jor,,
402,majority,8(m▮▮▮▮▮▮▮),字,,【majority】発音[(米)]c[8]…c[0]mədʒˈɔːrəṭi,4,【他】大部分、多数派
,過半数,,,,音節c[8]…c[0]ma・jor・i・ty,,
403,efforts,7(make　▮▮▮▮▮▮▮),字,,【efforts】発音[(米)]c[8]…c[0]ˈɛfɝts,4,
,努力する,,,,音節c[8]…c[0]ef・fort(s),,
404,(make )fun( of),3(make　▮▮▮　of),字,,【fun】発音[(米)]c[8]…c[0]fˈʌn,4,
,～をからかう,,,,音節c[8]…c[0]fun,,
405,(make )sure,4(make　▮▮▮▮),字,,【sure】発音[(米)]c[8]…c[0]ʃˈʊɚ,4,【他】確信して
,～を確かめる,,,,音節c[8]…c[0]sure,,
406,minister,8(m▮▮▮▮▮▮▮),字,,【minister】発音[(米)]c[8]…c[0]mínɪstɚ,4,【他】聖職者、牧師
,大臣,,,,音節c[8]…c[0]min・is・ter,,
407,naval,5(n▮▮▮▮),字,,【naval】発音[(米)]c[8]…c[0]néɪv(ə)l,4,【他】軍艦の
,海軍の,,,,音節c[8]…c[0]na・val,,
408,nevertheless,12(n▮▮▮▮▮▮▮▮▮▮▮),字,,【nevertheless】発音[(米)]c[8]…c[0]nèvɚðəlés,4,【他】それでも
,それにもかかわらず,,,,音節c[8]…c[0]nev・er・the・less,,
409,newcomer,8(n▮▮▮▮▮▮▮),字,,【newcomer】発音[(米)]c[8]…c[0]ˈnuˌkʌmɝ,4,【他】新顔、新人
,新参者,,,,音節c[8]…c[0]néw・còmer,,
410,notice,6(n▮▮▮▮▮),字,,【notice】発音[(米)]c[8]…c[0]nóʊṭɪs,4,【他】通報、告知
,～に気づく,,,,音節c[8]…c[0]no・tice,,
411,(now and )then,4(now　and　▮▮▮▮),字,,【then】発音[(米)]c[8]…c[0]ðén,4,
,時々,,,,音節c[8]…c[0]then,,
412,object,6(o▮▮▮▮▮),字,,【object】発音[(米)]c[8]…c[0]άbdʒɪkt,4,【他】対象、目的
,物体,,,,音節c[8]…c[0]ob・ject,,
413,obvious,7(o▮▮▮▮▮▮),字,,【obvious】発音[(米)]c[8]…c[0]άbviəs,4,【他】理解しやすい
,明白な,,,,音節c[8]…c[0]ob・vi・ous,,
414,occasion,8(o▮▮▮▮▮▮▮),字,,【occasion】発音[(米)]c[8]…c[0]əkéɪʒən,4,【他】行事、祭典
,場合,,,,音節c[8]…c[0]oc・ca・sion,,
415,occur,5(o▮▮▮▮),字,,【occur】発音[(米)]c[8]…c[0]əkˈɚː,4,【他】発生する、浮かぶ
,～に起こる,,,,音節c[8]…c[0]oc・cur,,
416,opponent,8(o▮▮▮▮▮▮▮),字,,【opponent】発音[(米)]c[8]…c[0]əpóʊnənt,4,【他】試合の相手
,敵対者,,,,音節c[8]…c[0]op・po・nent,,
417,opportunity,11(o▮▮▮▮▮▮▮▮▮▮),字,,【opportunity】発音[(米)]c[8]…c[0]ὰpɚt(j)úːnəṭi,4,【他】好機
,機会,,,,音節c[8]…c[0]op・por・tu・ni・ty,,
418,orbit,5(o▮▮▮▮),字,,【orbit】発音[(米)]c[8]…c[0]ˈɔɚbɪt,4,【他】活動範囲
,(天体などの)軌道,,,,音節c[8]…c[0]or・bit,,
419,ordinary,8(o▮▮▮▮▮▮▮),字,,【ordinary】発音[(米)]c[8]…c[0]ˈɔɚdənèri,4,【他】並の、平凡な
,普通の,,,,音節c[8]…c[0]or・di・nar・y,,
420,organize,8(o▮▮▮▮▮▮▮),字,,【organize】発音[(米)]c[8]…c[0]ˈɔɚgənὰɪz,4,【他】計画する
,～を組織する,,,,音節c[8]…c[0]or・gan・ize,,
421,otherwise,9(o▮▮▮▮▮▮▮▮),字,,【otherwise】発音[(米)]c[8]…c[0]ˈʌðɚwὰɪz,4,
,さもなければ,,,,音節c[8]…c[0]oth・er・wise,,
422,overcome,8(o▮▮▮▮▮▮▮),字,,【overcome】発音[(米)]c[8]…c[0]òʊvɚkˈʌm,4,【他】弱らせる、参らせる
,～に打ち勝つ,,,,音節c[8]…c[0]o・ver・come,,
423,overseas,8(o▮▮▮▮▮▮▮),字,,【overseas】発音[(米)]c[8]…c[0]òʊvɚsíːz,4,
,海外へ,,,,音節c[8]…c[0]o・ver・seas,,
424,owe,3(o▮▮),字,,【owe】発音[(米)]c[8]…c[0]óʊ,4,
,(代金を)借りている,,,,音節c[8]…c[0]owe,,
425,oxygen,6(o▮▮▮▮▮),字,,【oxygen】発音[(米)]c[8]…c[0]άksɪdʒən,4,
,酸素,,,,音節c[8]…c[0]ox・y・gen,,
426,passenger,9(p▮▮▮▮▮▮▮▮),字,,【passenger】発音[(米)]c[8]…c[0]pˈæs(ə)ndʒɚ,4,【他】船客、足手まとい
,搭乗客,,,,音節c[8]…c[0]pas・sen・ger,,
427,permanent,9(p▮▮▮▮▮▮▮▮),字,,【permanent】発音[(米)]c[8]…c[0]pˈɚːmənənt,4,【他】耐久の
,永久的な,,,,音節c[8]…c[0]per・ma・nent,,
428,permission,10(p▮▮▮▮▮▮▮▮▮),字,,【permission】発音[(米)]c[8]…c[0]pɚmíʃən,4,
,許可,,,,音節c[8]…c[0]per・mis・sion,,
429,physics,7(p▮▮▮▮▮▮),字,,【physics】発音[(米)]c[8]…c[0]fízɪks,4,
,物理学,,,,音節c[8]…c[0]phys・ics,,
430,population,10(p▮▮▮▮▮▮▮▮▮),字,,【population】発音[(米)]c[8]…c[0]pὰpjʊléɪʃən,4,【他】住民数
,人口,,,,音節c[8]…c[0]pop・u・la・tion,,
431,precious,8(p▮▮▮▮▮▮▮),字,,【precious】発音[(米)]c[8]…c[0]préʃəs,4,【他】高価な、ありがたい
,貴重な,,,,音節c[8]…c[0]pre・cious,,
432,predict,7(p▮▮▮▮▮▮),字,,【predict】発音[(米)]c[8]…c[0]prɪdíkt,4,【他】予報する
,～を予言する,,,,音節c[8]…c[0]pre・dict,,
433,prefer,6(p▮▮▮▮▮),字,,【prefer】発音[(米)]c[8]…c[0]prɪfˈɚː,4,【他】むしろ、～を好む
,提起する,,,,音節c[8]…c[0]pre・fer,,
434,principal,9(p▮▮▮▮▮▮▮▮),字,,【principal】発音[(米)]c[8]…c[0]prínsəp(ə)l,4,【他】主要な、第一の
,校長,,,,音節c[8]…c[0]prin・ci・pal,,
435,profit,6(p▮▮▮▮▮),字,,【profit】発音[(米)]c[8]…c[0]prάfɪt,4,
,利益,,,,音節c[8]…c[0]prof・it,,
436,promising,9(p▮▮▮▮▮▮▮▮),字,,【promising】発音[(米)]c[8]…c[0]prάmɪsɪŋ,4,
,将来有望な,,,,音節c[8]…c[0]prom・is・ing,,
437,politician,10(p▮▮▮▮▮▮▮▮▮),字,,【politician】発音[(米)]c[8]…c[0]pὰlətíʃən,4,
,政治家,,,,音節c[8]…c[0]pol・i・ti・cian,,
438,proof,5(p▮▮▮▮),字,,【proof】発音[(米)]c[8]…c[0]prúːf,4,【他】吟味、品質をためす試験
,証明,,,,音節c[8]…c[0]proof,,
439,proposal,8(p▮▮▮▮▮▮▮),字,,【proposal】発音[(米)]c[8]…c[0]prəpóʊzl,4,【他】申し込み
,提案,,,,音節c[8]…c[0]pro・pos・al,,
440,punishment,10(p▮▮▮▮▮▮▮▮▮),字,,【punishment】発音[(米)]c[8]…c[0]pˈʌnɪʃmənt,4,【他】刑罰、酷使
,処罰,,,,音節c[8]…c[0]pun・ish・ment,,
441,reasonable,10(r▮▮▮▮▮▮▮▮▮),字,,【reasonable】発音[(米)]c[8]…c[0]ríːz(ə)nəbl,4,【他】道理に合った
,手ごろな,,,,音節c[8]…c[0]rea・son・a・ble,,
442,receipt,7(r▮▮▮▮▮▮),字,,【receipt】発音[(米)]c[8]…c[0]rɪsíːt,4,
,レシート,,,,音節c[8]…c[0]re・ceipt,,
443,reduction,9(r▮▮▮▮▮▮▮▮),字,,【reduction】発音[(米)]c[8]…c[0]rɪdˈʌkʃən,4,【他】縮図、下落
,削減,,,,音節c[8]…c[0]re・duc・tion,,
444,reform,6(r▮▮▮▮▮),字,,【reform】発音[(米)]c[8]…c[0]rɪfˈɔɚm,4,【他】改正する
,改革する,,,,音節c[8]…c[0]re・form,,
445,regarding,9(r▮▮▮▮▮▮▮▮),字,,【regarding】発音[(米)]c[8]…c[0]rɪgάɚdɪŋ,4,
,～に関して,,,,音節c[8]…c[0]re・gard・ing,,
446,region,6(r▮▮▮▮▮),字,,【region】発音[(米)]c[8]…c[0]ríːdʒən,4,【他】地帯、分野
,(広い)地域,,,,音節c[8]…c[0]re・gion,,
447,relationship,12(r▮▮▮▮▮▮▮▮▮▮▮),字,,【relationship】発音[(米)]c[8]…c[0]rɪléɪʃənʃìp,4,
,人間関係,,,,音節c[8]…c[0]re・la・tion・ship,,
448,relative,8(r▮▮▮▮▮▮▮),字,,【relative】発音[(米)]c[8]…c[0]réləṭɪv,4,【他】相関的な、比例して
,相互の,,,,音節c[8]…c[0]rel・a・tive,,
449,religious,9(r▮▮▮▮▮▮▮▮),字,,【religious】発音[(米)]c[8]…c[0]rɪlídʒəs,4,【他】敬虔な
,信心深い,,,,音節c[8]…c[0]re・li・gious,,
450,rely( on),4(▮▮▮▮　on),字,,【rely】発音[(米)]c[8]…c[0]rɪlάɪ,4,
,～に頼る,,,,音節c[8]…c[0]re・ly,,
451,silence,7(s▮▮▮▮▮▮),字,,【silence】発音[(米)]c[8]…c[0]sάɪləns,4,【他】黙祷
,沈黙,,,,音節c[8]…c[0]si・lence,,
452,remarkable,10(r▮▮▮▮▮▮▮▮▮),字,,【remarkable】発音[(米)]c[8]…c[0]rɪmάɚkəbl,4,【他】注目すべき
,驚くべき,,,,音節c[8]…c[0]re・mark・a・ble,,
453,reveal,6(r▮▮▮▮▮),字,,【reveal】発音[(米)]c[8]…c[0]rɪvíːl,4,【他】正体を現わす
,～を明らかにする,,,,音節c[8]…c[0]re・veal,,
454,rumor,5(r▮▮▮▮),字,,【rumor】発音[(米)]c[8]…c[0]rúːmɚ,4,【他】流言
,うわさ,,,,音節c[8]…c[0]ru・mor,,
455,satellite,9(s▮▮▮▮▮▮▮▮),字,,【satellite】発音[(米)]c[8]…c[0]sˈæṭəlὰɪt,4,【他】人工衛星、従者
,衛星,,,,音節c[8]…c[0]sat・el・lite,,
456,sightseer,9(s▮▮▮▮▮▮▮▮),字,,【sightseer】発音[(米)]c[8]…c[0]ˈsaɪˈtsir,4,
,観光客,,,,音節c[8]…c[0]síght・sèer,,
457,(fire )alarm,5(fire　▮▮▮▮▮),字,,【alarm】発音[(米)]c[8]…c[0]əlάɚm,4,
,火災報知機,,,,音節c[8]…c[0]a・larm,,
458,solution,8(s▮▮▮▮▮▮▮),字,,【solution】発音[(米)]c[8]…c[0]səlúːʃən,4,【他】溶かすこと、溶液
,解決策,,,,音節c[8]…c[0]so・lu・tion,,
459,squeeze,7(s▮▮▮▮▮▮),字,,【squeeze】発音[(米)]c[8]…c[0]skwíːz,4,【他】しぼり出す
,押しつぶす,,,,音節c[8]…c[0]squeeze,,
460,sorrow,6(s▮▮▮▮▮),字,,【sorrow】発音[(米)]c[8]…c[0]sάroʊ,4,【他】悲哀、悲痛
,悲しみ,,,,音節c[8]…c[0]sor・row,,
461,stationery,10(s▮▮▮▮▮▮▮▮▮),字,,【stationery】発音[(米)]c[8]…c[0]stéɪʃənèri,4,【他】事務用品
,文房具,,,,音節c[8]…c[0]sta・tion・er・y,,
462,steady,6(s▮▮▮▮▮),字,,【steady】発音[(米)]c[8]…c[0]stédi,4,【他】ぐらつかない、一様の
,安定した,,,,音節c[8]…c[0]stead・y,,
463,sufficient,10(s▮▮▮▮▮▮▮▮▮),字,,【sufficient】発音[(米)]c[8]…c[0]səfíʃənt,4,【他】足りる、十分で
,十分な,,,,音節c[8]…c[0]suf・fi・cient,,
464,suitable,8(s▮▮▮▮▮▮▮),字,,【suitable】発音[(米)]c[8]…c[0]súːṭəbl,4,
,相応しい,,,,音節c[8]…c[0]suit・a・ble,,
465,surprisingly,12(s▮▮▮▮▮▮▮▮▮▮▮),字,,【surprisingly】発音[(米)]c[8]…c[0]sɚprάɪzɪŋli,4,【他】非常に、驚いたことに
,驚くほどに,,,,音節c[8]…c[0]sur・pris・ing・ly,,
466,temporary,9(t▮▮▮▮▮▮▮▮),字,,【temporary】発音[(米)]c[8]…c[0]témpərèri,4,【他】仮の、間に合わせの
,一時的な,,,,音節c[8]…c[0]tem・po・rar・y,,
467,tequila,7(t▮▮▮▮▮▮),字,,【tequila】発音[(米)]c[8]…c[0]təkíːlə,4,
,テキーラ,,,,音節c[8]…c[0]te・qui・la,,
468,therefore,9(t▮▮▮▮▮▮▮▮),字,,【therefore】発音[(米)]c[8]…c[0]ðéɚfɔɚ,4,【他】したがって、それによって
,それゆえに,,,,音節c[8]…c[0]there・fore,,
469,tournament,10(t▮▮▮▮▮▮▮▮▮),字,,【tournament】発音[(米)]c[8]…c[0]tˈʊɚnəmənt,4,
,トーナメント,,,,音節c[8]…c[0]tour・na・ment,,
470,union,5(u▮▮▮▮),字,,【union】発音[(米)]c[8]…c[0]júːnjən,4,【他】団結、連合
,結合,,,,音節c[8]…c[0]u・nion,,
471,unknown,7(u▮▮▮▮▮▮),字,,【unknown】発音[(米)]c[8]…c[0]ʌnnóʊn,4,【他】未詳の、無名の
,未知の,,,,音節c[8]…c[0]un・known,,
472,upside( down),6(▮▮▮▮▮▮　down),字,,【upside】発音[(米)]c[8]…c[0]ˈʌpsὰɪd,4,【他】転倒して、ひっくり返って
,逆さまに,,,,音節c[8]…c[0]up・side,,
473,vehicle,7(v▮▮▮▮▮▮),字,,【vehicle】発音[(米)]c[8]…c[0]víː(h)ɪkl,4,【他】輸送機関、伝達する手段
,(陸上の)乗り物,,,,音節c[8]…c[0]ve・hi・cle,,
474,victim,6(v▮▮▮▮▮),字,,【victim】発音[(米)]c[8]…c[0]víktɪm,4,【他】被害者、いけにえ
,犠牲者,,,,音節c[8]…c[0]vic・tim,,
475,wherever,8(w▮▮▮▮▮▮▮),字,,【wherever】発音[(米)]c[8]…c[0](h)wèɚévɚ,4,【他】～する時はいつでも
,どこへ～しても,,,,音節c[8]…c[0]wher・ev・er,,
476,whistle,7(w▮▮▮▮▮▮),字,,【whistle】発音[(米)]c[8]…c[0](h)wísl,4,【他】さえずる、ピーピーと鳴る
,口笛を吹く,,,,音節c[8]…c[0]whis・tle,,
477,widespread,10(w▮▮▮▮▮▮▮▮▮),字,,【widespread】発音[(米)]c[8]…c[0]ˈwaɪˈdsprɛd,4,【他】普及した、はびこった
,広範囲に及ぶ,,,,音節c[8]…c[0]wíde・spréad,,
478,wildlife,8(w▮▮▮▮▮▮▮),字,,【wildlife】発音[(米)]c[8]…c[0]ˈwaɪldlaɪf,4,
,野生生物,,,,音節c[8]…c[0]wíld・lìfe,,
479,(without )fail,4(without　▮▮▮▮),字,,【fail】発音[(米)]c[8]…c[0]féɪl,4,【他】きっと
,間違いなく,,,,音節c[8]…c[0]fail,,
480,workshop,8(w▮▮▮▮▮▮▮),字,,【workshop】発音[(米)]c[8]…c[0]wˈɚːkʃὰp,4,【他】研修会
,作業場,,,,音節c[8]…c[0]work・shop,,